utmx,utmy,X,Y,Zn,Water,NDVI,SOC,pH,Mine
28118620.0912117,7355326.94280121,120.0523,-28.4551,2.302585093,0.014,0.1835,0.909157596,5.948719066,55.6037
28116487.2161036,7360352.81492243,120.0554,-28.4145,3.401197382,2.2039,0.2023,0.906108802,6.052237225,51.1173
28113206.37,7366976.09907802,120.0557,-28.3594,3.401197382,0.0119,0.1631,0.848149834,5.758793838,45.0236
28053013.0343903,7487797.68184027,120.0584,-27.3531,3.401197382,3.0563,0.2035,0.850780043,5.822969343,48.9831
28110921.9547161,7372948.94601795,120.0614,-28.312,3.496507561,3.5299,0.1792,0.93283456,5.851367234,39.8388
28051342.7885381,7491900.09668232,120.0615,-27.3202,3.295836866,3.3759,0.1906,0.867735799,6.070160482,48.7004
28112875.0737939,7371281.22701021,120.0704,-28.3297,3.401197382,1.6743,0.1724,0.927349597,5.892921837,41.8924
28063065.427103,7471846.8333907,120.075,-27.4931,2.890371758,0.1688,0.1781,0.814871587,5.70733008,49.0767
28057223.3786824,7484301.39852738,120.0782,-27.3906,1.791759469,3.2534,0.1941,0.9880648,5.624761157,47.0806
28119771.9427835,7359546.95298327,120.0786,-28.431,2.995732274,0.0724,0.182,0.9032547,6.097607245,53.1724
28065337.2108688,7470658.48308776,120.0885,-27.5087,3.258096538,0.1467,0.191,0.854739198,5.919378868,47.2641
28068968.3559636,7465690.82127124,120.0977,-27.554,3.17805383,0.0134,0.1961,0.857572244,5.865826536,42.1941
28120307.4168101,7363361.31426654,120.0983,-28.4075,3.583518938,0.0053,0.1723,0.872190991,5.869736198,50.8807
28117590.0030171,7369504.41199124,120.1012,-28.3575,3.33220451,0.0149,0.1634,0.841387518,5.77197882,45.4613
28054140.8037571,7496329.28861529,120.1019,-27.3003,3.135494216,2.3246,0.2056,0.831425463,6.003525812,44.3983
28068823.6211813,7467243.9123346,120.1028,-27.5432,3.17805383,0.1197,0.2017,0.871498304,5.932709432,43.3917
28122841.1974938,7360559.32077654,120.1074,-28.4347,3.465735903,1.2383,0.1896,0.904655026,5.956264337,54.0225
28117735.8175981,7371221.17381934,120.1093,-28.3466,3.401197382,0.0808,0.169,0.874304593,5.857137796,44.4591
28064582.6998749,7477865.79396664,120.1115,-27.4583,3.36729583,2.2414,0.1661,0.908934289,5.71597645,44.949
28068996.2422217,7470691.89740526,120.1181,-27.5209,3.135494216,0.0121,0.1757,0.809888462,5.727865214,45.84
28058851.9314244,7491040.174,120.1185,-27.3514,3.36729583,3.1237,0.195,0.90060329,5.752301341,42.3118
28063283.266724,7482715.30364687,120.1206,-27.4217,2.197224577,3.9009,0.1743,0.922286298,5.725832881,42.9714
28060913.5306947,7487544.70097795,120.121,-27.3816,2.63905733,0.4842,0.1748,0.919131771,5.75249827,42.2442
28116765.7046007,7376404.84305209,120.1224,-28.3089,3.401197382,3.447,0.1928,0.875171946,5.8657618,40.5117
28124126.7172683,7362678.2073115,120.1263,-28.425,3.17805383,0.0093,0.1668,0.851771903,5.844688788,53.0657
28120678.6431226,7370602.0241784,120.1305,-28.3607,2.890371758,0.0714,0.1724,0.869070563,5.788492583,46.055
28057512.4186181,7497134.72040193,120.1323,-27.3064,3.931825633,2.0582,0.1853,0.831717096,5.884626099,40.9684
28124451.7517261,7368102.4495869,120.1508,-28.3901,3.891820298,0.0659,0.1678,0.800378644,5.687492842,48.5278
28061185.1342809,7494885.11669817,120.1528,-27.3338,3.433987204,1.2966,0.1994,0.853798519,5.641191032,38.51
28122032.0507903,7374171.82750557,120.1558,-28.3416,3.091042453,0.092,0.1685,0.897287959,5.797185284,43.2372
28097733.8472755,7422896.72170839,120.1567,-27.9357,3.33220451,0.3916,0.1796,0.892204842,5.875823524,0.5156
28080323.3717067,7458963.64660207,120.162,-27.6372,3.17805383,0.0138,0.1838,0.856691102,5.754100153,33.3658
28089208.3030017,7441451.46869015,120.1629,-27.7836,3.044522438,2.0985,0.1983,0.877046287,5.994854278,17.2181
28120807.6170128,7378698.11485583,120.1642,-28.3074,3.36729583,3.2066,0.1824,0.939535626,5.720343522,39.3504
28070292.2664157,7479656.07580902,120.1647,-27.4658,3.091042453,0.0052,0.1739,0.859310677,5.68671027,39.5405
28077275.123338,7465841.48920872,120.1652,-27.5812,3.135494216,0.0463,0.1846,0.868273251,5.792290881,39.5828
28126493.2994139,7367745.49414618,120.1658,-28.3994,3.465735903,0.406,0.1826,0.868578422,5.740334851,48.6527
28091915.4984498,7436915.19612946,120.1664,-27.8229,2.48490665,0.0859,0.1745,0.832621861,5.980380011,12.9365
28063856.9493807,7492997.413,120.1667,-27.3554,3.258096538,2.2486,0.1871,0.873684777,5.777846093,36.9794
28066928.4862303,7486990.23794473,120.1672,-27.4057,2.48490665,1.1141,0.1832,0.910526747,5.589467187,37.5537
28129866.8373138,7362374.88989668,120.1713,-28.4465,3.526360525,0.3415,0.1966,0.878533127,5.655440314,51.9071
28072363.5973937,7477355.78619048,120.1721,-27.4881,3.044522438,2.1155,0.182,0.906649144,5.536068434,39.1649
28105859.3627125,7410841.70145653,120.1735,-28.0433,2.079441542,0.1597,0.185,0.900766296,5.96014808,10.501
28094404.5001711,7433954.70680334,120.1745,-27.851,3.663561646,0.2831,0.1914,0.82562724,5.805685937,10.1085
28096201.3547593,7431062.05598779,120.1773,-27.8763,2.397895273,0.0182,0.1742,0.861693448,6.012968729,7.455
28098068.3558705,7427632.77817487,120.1785,-27.9054,3.295836866,0.6029,0.1875,0.895387973,5.983993616,4.4689
28075118.4991186,7473567.07683178,120.179,-27.5226,2.397895273,0.0665,0.1865,0.825210072,5.879314172,39.402
28063214.410551,7498469.15107904,120.1836,-27.3169,3.17805383,0.1066,0.1838,0.832531176,5.647616411,35.196
28084643.2499831,7456141.08768362,120.1854,-27.6706,3.36729583,0.2201,0.2101,0.885478222,5.86045118,29.9722
28105881.9589993,7414167.75691143,120.1871,-28.0213,3.17805383,0.2865,0.1919,0.893425373,5.897796306,7.9856
28093223.7420479,7440401.63616021,120.191,-27.8042,3.433987204,0.0458,0.2011,0.86183992,5.929250713,15.5774
28078130.8284883,7470603.06331374,120.1913,-27.5525,2.772588722,0.0924,0.1883,0.818674324,5.761709606,38.7325
28104425.9022584,7418635.84159925,120.1934,-27.9867,2.48490665,0.0345,0.1745,0.85360737,5.880313391,4.2541
28130114.535748,7367804.7754645,120.1952,-28.4113,3.258096538,0.0574,0.1727,0.866716383,5.9675302,47.2571
28083578.5466602,7461216.11398444,120.1973,-27.6333,2.564949357,3.0076,0.1916,0.900378789,5.91740399,34.2631
28112295.0933587,7403993.97933623,120.1977,-28.1106,2.48490665,0.0345,0.1545,0.850537762,5.831506993,17.956
28091173.6724848,7446675.13226043,120.1998,-27.7556,2.708050201,0.0048,0.2024,0.854404136,5.904192762,21.0443
28069031.2474518,7491319.95443011,120.2016,-27.3841,3.157000421,1.0991,0.1756,0.894479914,5.634957602,34.0836
28089846.6886666,7450712.05805319,120.2054,-27.7243,2.772588722,0.8088,0.1866,0.881427742,5.968883703,24.5701
28132896.6030329,7364903.78253296,120.2059,-28.44,2.772588722,0.0472,0.1704,0.826567731,5.708483782,48.7658
28088415.5883722,7453791.77817151,120.2063,-27.699,2.890371758,0.2654,0.198,0.871659564,5.957325892,27.3201
28107255.0851558,7416210.92354138,120.2064,-28.0124,2.772588722,4e-04,0.1816,0.873027241,5.829742336,7.401
28116206.8765589,7398416.55808163,120.2067,-28.1609,3.17805383,0.0844,0.1756,0.947525004,5.781939434,22.4753
28097866.8542853,7435620.10691885,120.2091,-27.8517,2.708050201,0.0175,0.1872,0.837403516,5.973753535,11.1691
28082764.6461388,7466087.96647358,120.2104,-27.5982,3.044522438,0.1372,0.191,0.855276007,5.781613673,36.7113
28067425.0124137,7496856.23718558,120.211,-27.3419,2.995732274,0.0259,0.187,0.818555176,5.622310477,32.0326
28070558.7620781,7490700.09078008,120.2114,-27.3934,2.079441542,3.5362,0.1727,0.900338114,5.766932074,32.4852
28075929.2977698,7480128.6570598,120.212,-27.4818,2.772588722,0.0511,0.1995,0.936780093,5.703688578,34.6833
28111222.6618845,7409803.28215521,120.2125,-28.0684,2.772588722,0.3109,0.1763,0.891489616,5.847373591,13.1588
28126053.9376266,7380371.99137335,120.2132,-28.3141,3.465735903,2.9459,0.1741,0.889615271,5.829582318,38.3621
28104181.2896764,7424205.64238922,120.2139,-27.9489,2.197224577,0.0035,0.1792,0.871876544,5.938735988,3.2294
28102800.7709595,7427085.24452397,120.2144,-27.9251,3.891820298,0.1305,0.1744,0.851877376,5.946330718,4.247
28121932.3575354,7389367.53049981,120.2163,-28.2404,3.258096538,1.233,0.1813,0.954357511,5.687000217,30.5389
28128479.1340908,7376324.25500181,120.2164,-28.3492,2.772588722,0.1132,0.1956,0.888842505,5.984710222,40.7386
28096698.8307073,7440356.03674155,120.2188,-27.8163,3.258096538,0.1028,0.1725,0.785233635,5.759061132,15.243
28099783.0005723,7435364.73838396,120.2235,-27.8599,3.761200116,0.2061,0.1587,0.814371439,5.892827949,10.812
28129819.2140518,7375533.19619716,120.224,-28.359,3.526360525,0.0954,0.1919,0.880022305,5.910833733,40.9346
28124788.8335295,7385871.82690998,120.2252,-28.2733,4.234106505,0.0685,0.1793,0.916133357,5.928905197,33.8941
28113679.5696722,7409236.92224506,120.23,-28.0805,2.995732274,0.111,0.1764,0.895895646,5.77820311,13.2781
28130082.8554257,7376692.51995415,120.2308,-28.3522,3.33220451,0.0666,0.1928,0.90597264,5.90778432,39.8685
28127646.0797381,7382225.85824077,120.2335,-28.3072,3.091042453,2.6325,0.1806,0.946865662,5.674535145,36.1566
28102745.3390287,7432872.3311778,120.2373,-27.8865,2.079441542,0.0266,0.1431,0.80427512,5.883969124,9.0889
28080212.5623558,7477874.94179882,120.2374,-27.5113,2.772588722,3.1113,0.1932,0.912327616,5.852237879,32.8475
28067945.6208021,7502410.63983347,120.2376,-27.3068,3.465735903,0,0.1668,0.831128252,5.836664811,29.3572
28105568.0246196,7427461.04150847,120.2382,-27.932,3.988984047,0.3674,0.1648,0.744543804,5.877382783,6.2312
28092950.0928806,7452796.50511056,120.2388,-27.721,2.674148649,0.0203,0.1583,0.805261199,5.85046946,18.2166
28134256.0968931,7370766.71573558,120.2405,-28.4057,2.890371758,0.0198,0.1775,0.849805755,5.815616344,43.3723
28096736.4226664,7445783.92221038,120.241,-27.7804,3.091042453,0.1452,0.1956,0.885084388,5.587318577,19.7638
28118853.4801389,7401834.22287419,120.2418,-28.1472,2.079441542,0.1532,0.182,0.895724803,5.835672994,19.8181
28114842.3577897,7410163.0936323,120.2431,-28.0783,2.995732274,1.3196,0.1767,0.896648151,5.898981399,12.4578
28088365.7039832,7463137.25492389,120.2436,-27.6368,2.944438979,3.6322,0.1788,0.943117629,5.628269336,33.3985
28085719.977142,7468443.19549244,120.2437,-27.5926,2.564949357,2.2575,0.172,0.91206022,5.740488927,32.9716
28112101.0908584,7415932.41,120.2443,-28.0307,2.079441542,0.0391,0.181,0.88310567,5.92884338,7.7042
28090372.6390398,7459478.22993162,120.245,-27.6679,2.995732274,2.9001,0.1751,0.904868386,5.880400102,31.7775
28108135.5176861,7424269.51127085,120.246,-27.9619,1.791759469,0.0027,0.1628,0.838129647,5.958510296,4.3912
28126260.2475404,7388462.43875835,120.2475,-28.2611,2.302585093,0.8688,0.1782,0.933507263,5.78958397,31.7116
28102020.7648684,7436946.18019546,120.2479,-27.857,2.564949357,0.0132,0.1693,0.76215075,5.55286497,12.4148
28118502.9270743,7404095.60445336,120.2481,-28.131,2.079441542,0.0324,0.1747,0.896949939,5.824452182,17.9112
28125143.7032911,7390889.48355898,120.2483,-28.2412,3.091042453,2.0196,0.1828,0.924073016,5.787775697,29.9604
28114041.5769208,7413248.81404759,120.2491,-28.0551,3.258096538,1.5595,0.1823,0.89911165,5.894880118,9.8239
28076157.920393,7488893.41620457,120.2492,-27.4244,3.33220451,0.0913,0.1723,0.809312947,5.853577869,29.229
28105440.4166026,7431086.9207553,120.2518,-27.9075,3.091042453,0.1543,0.1534,0.859099471,5.966904054,8.1581
28100381.3560982,7441606.73947544,120.2535,-27.8205,2.708050201,0.0244,0.1678,0.86722008,5.697788246,16.2085
28072273.4067799,7498432.05098917,120.2564,-27.3479,2.944438979,0.0747,0.1653,0.891564019,5.653041138,27.0011
28134428.1532761,7374711.58675364,120.2578,-28.3801,3.583518938,1.4808,0.1847,0.875944663,5.874624372,39.971
28096810.602309,7449874.58974604,120.2581,-27.7535,2.890371758,0.159,0.1825,0.837541752,5.788355968,23.2144
28137889.8362086,7368000.00237603,120.2586,-28.4364,2.995732274,0.1108,0.1564,0.856872671,5.716194351,44.7869
28123786.5250687,7396176.50179354,120.2587,-28.2015,3.33220451,2.9372,0.1853,0.903977247,5.806493002,25.4472
28085531.5692025,7473876.01788685,120.2641,-27.5559,2.995732274,0.189,0.1808,0.854406723,5.61253675,30.6498
28108461.4759018,7428353.36078344,120.2651,-27.9359,2.708050201,0.0363,0.1489,0.788076874,5.639591324,4.6781
28094174.2480752,7457219.2207405,120.2665,-27.6958,3.36729583,0.2446,0.1881,0.899306853,5.828119222,29.5705
28070312.7155915,7505444.29216933,120.2689,-27.2947,3.526360525,1.8138,0.1905,0.800843672,5.883309428,26.163
28075888.504908,7494661.45388063,120.2703,-27.3852,3.218875825,0.8696,0.2049,0.871360955,5.724982974,25.8886
28080742.3638012,7485889.78828032,120.274,-27.4599,2.944438979,3.0147,0.1882,0.910299369,5.851926308,27.4581
28087040.2890979,7473442.39817125,120.2745,-27.5639,2.63905733,1.2587,0.1695,0.935936011,5.73530541,22.7903
28133141.5847043,7381691.96827825,120.2756,-28.3294,2.890371758,2.218,0.1904,0.932792589,5.769272507,34.5203
28083134.618097,7482081.32357702,120.2779,-27.4933,2.397895273,4.9641,0.1708,0.890027117,5.909573688,27.9511
28136444.0003097,7376661.63523751,120.2819,-28.374,3.17805383,0.0234,0.1909,0.888367925,6.000266192,37.7166
28086010.0683722,7477977.62264507,120.2845,-27.5303,3.258096538,2.6653,0.167,0.916509234,5.768179559,28.1359
28113695.9312176,7423060.72218324,120.2859,-27.9888,2.079441542,0.5099,0.1554,0.707313509,5.588662108,1.695
28128701.4439522,7393281.63580274,120.2866,-28.2374,3.17805383,2.4101,0.1882,0.929767924,5.76508167,26.665
28124652.7321412,7401982.99442969,120.2891,-28.1659,2.302585093,0.1268,0.1943,0.865883391,5.706845729,21.3418
28141218.6236501,7369039.6499038,120.2896,-28.4408,3.258096538,0.0458,0.1815,0.866771566,5.926130717,43.2639
28109623.803389,7432849.91522092,120.2926,-27.91,2.803360381,0.0132,0.1719,0.911080508,5.791056216,32.5176
28126455.0302441,7399575.23660985,120.2939,-28.188,3.401197382,1.9711,0.1879,0.869806244,5.781159629,22.9789
28115054.6263593,7422505.17285188,120.2946,-27.9971,2.302585093,0.3295,0.1616,0.74365077,5.563445261,2.859
28107203.3062319,7438301.18394327,120.2951,-27.8656,3.218875825,0.0475,0.2145,0.876701219,5.636579291,11.8165
28132059.3199925,7389032.96372154,120.2965,-28.277,2.564949357,0.6898,0.1942,0.944282416,5.845871858,28.7972
28133507.8801459,7386414.15069558,120.2976,-28.2993,2.772588722,0,0.1565,0.990636288,5.883116384,30.4483
28094797.0474037,7464106.4917613,120.2993,-27.6522,2.995732274,0.184,0.1872,0.880620735,5.601492196,26.9849
28119303.996515,7415262.37440854,120.2996,-28.0596,2.995732274,0.0464,0.2127,0.886695851,5.768060185,9.6969
28114219.1573361,7425784.07422616,120.3011,-27.9725,3.713572067,0.288,0.1534,0.783391257,5.427637297,1.0563
28074806.5237735,7504654.19301905,120.3019,-27.3152,2.944438979,2.6883,0.1917,0.834521201,5.997010072,22.1618
28124329.7557506,7405825.33417203,120.302,-28.1393,2.079441542,0.1177,0.1579,0.778902315,5.426037766,18.5
28093283.6046918,7468168.57818804,120.3035,-27.6201,2.079441542,0.3082,0.1485,0.796191162,5.497801506,26.8254
28078433.7657825,7498901.10804804,120.3079,-27.3657,3.555348061,0.7761,0.1883,0.78425776,5.830282239,21.4269
28101182.6571027,7453888.50457434,120.3095,-27.7417,2.397895273,0.0326,0.1889,0.845994219,5.948638291,24.9578
28144224.4322037,7368121.26383625,120.3101,-28.4571,3.258096538,0.5552,0.1924,0.884261511,5.997394511,43.6826
28122434.1526777,7411740.9228194,120.3106,-28.0936,2.302585093,0.0267,0.1753,0.853502298,5.652171733,13.6193
28118275.7273323,7420190.31045961,120.3112,-28.0234,2.995732274,1.1105,0.1875,0.854912828,5.803925071,5.8231
28110629.0701654,7435503.42865428,120.3114,-27.8958,3.044522438,0.1166,0.1758,0.836373573,5.790067246,8.3448
28093616.2632737,7469785.04684245,120.3127,-27.6105,2.833213344,0.0271,0.166,0.83637326,5.64112877,25.6176
28105835.7301145,7445616.78074954,120.3136,-27.8124,3.761200116,0.1125,0.1678,0.853981633,5.800501623,17.6006
28116690.9567689,7424246.0472271,120.3148,-27.9911,2.48490665,0.0171,0.1644,0.841426911,5.538041788,2.2896
28103888.9027862,7449924.25050074,120.3153,-27.7772,2.708050201,0.1764,0.1606,0.907787339,5.83015012,21.5144
28135433.425047,7388965.84686232,120.3234,-28.2889,2.079441542,0,0.1665,0.988662463,5.823364741,27.5924
28091001.8366421,7477879.12213637,120.3243,-27.5479,1.945910149,0.0863,0.1761,0.900123376,5.857998822,24.0432
28142080.0298856,7376169.48642396,120.3253,-28.3964,2.63905733,0.0145,0.1732,0.912755696,5.924014479,36.9882
28096863.8871289,7466549.66399762,120.3258,-27.643,3.044522438,1.7548,0.1777,0.845140969,5.855954797,23.5761
28129427.0248851,7401773.26352475,120.3267,-28.1835,3.465735903,0.0122,0.1918,0.902835916,5.845631442,19.5807
28085927.4733786,7488677.3662094,120.327,-27.459,2.944438979,0.0016,0.1591,0.87311711,5.887262283,21.679
28120877.6274729,7419954.22890552,120.3312,-28.0338,3.091042453,0.0867,0.1894,0.835443874,5.934970037,7.3495
28097242.8390954,7467255.72405366,120.3317,-27.6396,3.583518938,0.049,0.1875,0.859916035,5.788106701,24.0241
28079367.3716138,7503160.15291325,120.3326,-27.3406,2.48490665,2.4879,0.1794,0.826632853,6.005466966,18.5353
28133191.6846392,7395894.60574453,120.3333,-28.2353,2.890371758,3.7583,0.1996,0.926876428,5.860768724,22.6256
28138783.7524862,7385029.69789157,120.3345,-28.3264,2.63905733,1.2927,0.1867,0.937496966,5.7178273,29.961
28128446.4099655,7405912.01422637,120.3355,-28.1527,2.48490665,0.3109,0.1876,0.875139421,5.813897698,17.1123
28089182.8253851,7484707.70684642,120.3372,-27.4964,2.48490665,3.0543,0.202,0.933277916,5.558823264,21.7404
28116487.8367346,7430228.78330272,120.3373,-27.9507,3.839452313,3.2143,0.1896,0.903083745,5.546497584,3.7241
28127342.0876176,7408661.69399166,120.3377,-28.1307,2.890371758,0.184,0.1864,0.862843347,5.763712563,16.0343
28123500.7345176,7416354.23194403,120.3378,-28.0666,2.302585093,0.2134,0.2098,0.868316347,5.929501954,11.0397
28142319.3054773,7378988.66307878,120.3386,-28.3785,2.772588722,0.0835,0.1927,0.952956047,5.846231801,34.5198
28136953.2635356,7390617.00828186,120.3423,-28.2831,2.995732274,0,0.146,0.87027375,5.95848137,25.6909
28084367.250645,7496451.87000904,120.3458,-27.4021,3.988984047,0,0.1592,0.884488385,6.022033331,18.3022
28120288.9826424,7425739.78382417,120.3498,-27.9934,3.828641396,0.732,0.1812,0.839700925,5.294136781,5.0273
28125608.1665421,7415518.73316684,120.3514,-28.0793,2.995732274,1.3727,0.2106,0.88594466,5.866854731,12.8595
28114140.9025491,7438730.8569567,120.3527,-27.8863,2.397895273,3.6476,0.1862,0.880250242,5.563347036,10.0953
28141875.9860934,7383492.61526238,120.3532,-28.3471,3.258096538,0.0521,0.1781,0.962130105,5.734461782,30.6976
28148923.0073733,7369921.76889209,120.3552,-28.4611,2.995732274,1.4679,0.2042,0.929560506,5.987628417,41.954
28099450.947638,7468821.99808386,120.3558,-27.6367,3.135494216,1.4684,0.1874,0.899041958,5.905659876,21.6881
28097123.859478,7473838.9330815,120.3573,-27.5955,3.295836866,1.2038,0.1908,0.873577325,5.929777301,20.4683
28139615.6044982,7389417.4903956,120.3589,-28.3001,3.17805383,0,0.1322,0.908229279,6.052998937,26.0043
28111313.442128,7446233.86478577,120.3602,-27.8269,3.044522438,0.1263,0.1923,0.850718744,5.837601858,15.6636
28086792.9362435,7495402.49820065,120.3611,-27.4173,3.496507561,0,0.1506,0.930159796,5.868867515,17.2512
28079834.3175668,7509515.73386225,120.362,-27.3,2.708050201,0.6125,0.1798,0.833413062,6.024841825,16.0029
28146520.5867462,7376873.80731082,120.3639,-28.4068,3.401197382,0.0557,0.1923,0.923853614,5.925291664,36.0282
28109662.0170135,7450918.40996911,120.3658,-27.7902,2.302585093,0.1027,0.167,0.914501974,5.732155523,19.4054
28104462.8170067,7461321.35500059,120.3659,-27.7035,2.48490665,2.301,0.1705,0.96706184,5.648978929,18.6348
28089762.5657303,7490714.19846462,120.3661,-27.4585,3.091042453,0,0.1446,0.925700468,5.874952114,17.4629
28096194.4168003,7478049.05412788,120.3668,-27.5644,3.496507561,3.5577,0.1907,0.86057111,5.863502961,19.2199
28139601.9201883,7391700.50841685,120.368,-28.2849,2.63905733,0.0945,0.1459,0.923371659,5.850117135,24.0401
28093310.6997231,7484152.29180108,120.3682,-27.5141,3.295836866,3.3845,0.1874,0.912261194,5.64130203,18.6881
28103164.6927208,7464755.33937832,120.3693,-27.6763,3.401197382,0.0811,0.1584,0.914434228,5.842243447,18.7864
28083206.7261517,7505138.90150755,120.3715,-27.3405,2.833213344,3.3941,0.1744,0.839858018,6.124134896,14.2181
28108686.2289377,7454502.19106243,120.3724,-27.7631,1.945910149,1.8308,0.1562,0.894682996,5.685475652,18.5027
28122686.2458293,7426754.96944252,120.3732,-27.9948,2.079441542,0.2153,0.1618,0.822372348,5.405699494,4.3972
28123172.5226666,7425858.67289633,120.3735,-28.0024,3.976560902,0.0878,0.1618,0.822372348,5.405699494,5.0483
28137366.5470531,7397773.76753198,120.3745,-28.237,3.091042453,0.8753,0.2017,0.961594054,5.805792094,19.5057
28124003.9870741,7424521.22460239,120.3748,-28.0141,2.48490665,0.2176,0.1925,0.878148064,5.686720962,6.1048
28146302.0599257,7380061.4716365,120.375,-28.3849,3.526360525,0.0464,0.1887,0.966559321,5.701592387,33.3081
28123049.2783657,7426699.59224743,120.3759,-27.9964,3.044522438,0.3685,0.1618,0.822372348,5.405699494,4.3447
28135881.9638735,7401232.91254371,120.3765,-28.209,3.33220451,0.319,0.2134,0.959037829,5.798566379,17.2337
28118569.5185885,7435963.91323638,120.3772,-27.9197,1.945910149,6.4055,0.1921,0.943873768,5.599011967,5.5354
28122995.4103733,7427154.14968053,120.3773,-27.9932,4.356708827,0.3063,0.1848,0.902347939,5.294897762,3.9688
28123211.5250207,7427144.15682784,120.379,-27.994,3.465735903,0.1287,0.1598,0.790715839,5.411606486,3.9351
28131177.9761904,7411316.6354432,120.3793,-28.1261,3.091042453,2.137,0.2111,0.904279944,5.865015308,11.4853
28123328.7871562,7427083.60470414,120.3797,-27.9948,3.583518938,0.0795,0.1598,0.790715839,5.411606486,3.9692
28088268.5864338,7497166.65211239,120.3801,-27.4106,3.33220451,0.0757,0.1906,0.863434025,5.821161852,15.1008
28126741.840054,7420964.84988734,120.3825,-28.047,3.17805383,2.6306,0.2025,0.891479055,5.774204125,9.3117
28123535.2221094,7427415.17679236,120.3827,-27.9933,2.079441542,0.184,0.1748,0.887195695,5.349019852,3.6519
28123412.9275731,7427684.07765636,120.3828,-27.9911,2.63905733,0.171,0.1748,0.887195695,5.349019852,3.4319
28124867.1107915,7425128.40421842,120.3842,-28.013,2.890371758,0.244,0.1724,0.845658847,5.648641581,5.6045
28123444.9199768,7428016.82447522,120.3844,-27.989,3.601868986,0.2371,0.1748,0.887195695,5.349019852,3.1409
28099697.3372071,7475667.40895416,120.3854,-27.5921,3.218875825,4.3423,0.1898,0.872238742,5.891972992,17.3233
28134986.4391356,7405400.11771048,120.3861,-28.1783,2.772588722,1.7459,0.1932,0.920077653,5.885176769,14.0139
28123800.4039122,7428273.97039058,120.3883,-27.9885,3.663561646,0.4254,0.1736,0.810266456,5.423019076,2.8855
28149331.8491544,7377558.36521082,120.3893,-28.4118,3.258096538,2.1701,0.2097,0.891839012,5.968959788,35.4944
28124373.516917,7427452.21901877,120.3896,-27.9959,2.63905733,0.2423,0.1604,0.777738227,5.446497713,3.6135
28130482.2875693,7415555.91732154,120.3908,-28.0956,3.33220451,3.9918,0.2021,0.888733392,5.887918446,9.5116
28145509.3167921,7385833.03350448,120.3919,-28.3439,2.890371758,2.5493,0.1893,0.969642778,5.627028435,28.381
28124126.437651,7428862.56939264,120.3933,-27.9857,1.945910149,0.0052,0.1736,0.810266456,5.423019076,2.4134
28124683.0665682,7427776.26671709,120.3934,-27.9948,4.394449155,0.3845,0.1604,0.777738227,5.446497713,3.3972
28124966.8115382,7427333.82123718,120.3939,-27.9987,2.63905733,0.3589,0.1604,0.777738227,5.446497713,3.8156
28124968.5575241,7427379.91194642,120.3941,-27.9984,3.761200116,0.3239,0.1604,0.777738227,5.446497713,3.7817
28152131.1187277,7373234.90995222,120.3944,-28.45,3.091042453,1.8042,0.2054,0.951312423,5.918508227,39.3464
28123034.9018617,7431437.99817519,120.3949,-27.9649,2.197224577,2.2817,0.1847,0.933455235,5.527137412,0.4381
28086938.009114,7503838.2727215,120.3963,-27.3618,2.833213344,0.02,0.1766,0.835603774,6.056063732,11.6595
28118234.603874,7442135.36170921,120.3994,-27.8776,2.302585093,5.8868,0.1941,0.899881459,5.645975047,9.2027
28108102.720535,7463152.89434361,120.4026,-27.7037,3.36729583,0.0857,0.1835,0.914581965,5.576699724,14.5888
28093900.7624402,7491625.45535811,120.4031,-27.4665,3.17805383,0.6929,0.1868,0.855336139,5.716146996,13.9003
28100200.8188301,7479149.02341858,120.4035,-27.5707,3.583518938,5.8709,0.1863,0.948391612,5.736258864,15.1355
28145348.1759425,7389426.69609123,120.4051,-28.3195,3.17805383,0,0.1833,0.9308314,5.68367376,25.3182
28105527.9624448,7469308.69138682,120.4067,-27.6541,3.465735903,0.1482,0.1852,0.890899641,5.736493309,15.7618
28098739.3185744,7483132.21511069,120.4078,-27.5393,2.995732274,3.8013,0.2034,0.968400382,5.605717752,15.0322
28149242.8583842,7382544.86092886,120.4087,-28.3784,3.258096538,2.3832,0.1927,0.917430877,5.796776158,31.2882
28117136.5472687,7446756.41794225,120.4092,-27.8432,2.772588722,3.7753,0.1989,0.880773181,5.867422345,12.9958
28106876.3612214,7468054.84439233,120.4125,-27.667,3.295836866,0.5055,0.1511,0.885255472,5.730179947,14.5685
28107002.7383936,7468149.61327511,120.4139,-27.6668,3.314186005,0.5522,0.1511,0.885255472,5.730179947,14.4437
28123328.5085733,7436032.60768433,120.4158,-27.9354,2.397895273,3.7976,0.1842,0.926322429,5.64415088,2.9438
28128891.305774,7425077.39951037,120.4164,-28.027,3.091042453,0.1051,0.2011,0.888802732,5.81854335,7.1854
28130665.0774383,7421660.70201444,120.4169,-28.0557,3.258096538,2.5836,0.2045,0.932695033,5.795944052,7.6157
28112380.2840358,7458530.91666748,120.4184,-27.7489,2.564949357,0,0.1702,0.966878919,5.818569906,13.1708
28105043.5356206,7473324.57574507,120.419,-27.6258,3.465735903,3.5582,0.1844,0.951095823,5.68277928,14.7968
28144153.8350393,7395429.76723451,120.4197,-28.2756,2.63905733,4.4921,0.2104,0.921452474,5.721656199,20.2117
28098023.2947934,7487858.27108222,120.4211,-27.5055,3.433987204,2.8812,0.2093,0.804933272,5.834097319,12.7619
28087826.6564326,7508360.5751583,120.4217,-27.3348,3.610917913,0.0787,0.1725,0.785963763,6.080222997,8.6963
28142604.5228447,7399142.05796363,120.4222,-28.2457,2.63905733,3.6369,0.2143,0.924648876,5.852153662,17.1231
28090440.8019841,7503415.12950691,120.4228,-27.3765,3.091042453,0.0463,0.1874,0.818415997,6.026567095,9.3075
28136280.254216,7412088.21511757,120.4235,-28.1383,2.48490665,0.0369,0.2124,0.92421104,5.821775081,7.941
28137572.2167863,7409856.35137492,120.4249,-28.1575,2.772588722,0.1751,0.2069,0.892629513,5.936576624,9.4232
28140203.2315325,7405100.32448757,120.4269,-28.198,2.995732274,0.0575,0.1821,0.898808329,5.93487141,12.4132
28109589.4633118,7466233.4551148,120.427,-27.6883,3.951243719,0.3307,0.1611,0.894573232,5.643894463,12.2554
28134647.2387252,7416661.64890618,120.4288,-28.1024,3.258096538,0.094,0.2067,0.890208913,5.814723372,5.4451
28115657.1785372,7455385.83414364,120.4321,-27.7809,2.079441542,3.3674,0.1765,0.908900402,5.62086568,13.1659
28096004.8585336,7495308.0208167,120.4349,-27.4492,2.890371758,4.4689,0.1779,0.866040111,5.988988063,9.9043
28089576.7049924,7508411.96743992,120.436,-27.3404,3.295836866,0.0357,0.1588,0.779398101,5.79752908,7.0613
28129143.2403877,7429680.82714156,120.437,-27.9973,1.945910149,0.0468,0.1788,0.89571613,5.867185507,5.3449
28109412.9936963,7469337.16877873,120.4381,-27.6671,3.583518938,0.2444,0.1776,0.905003659,5.650599382,12.0083
28094546.0800353,7499533.65900667,120.4402,-27.4162,2.564949357,2.3824,0.1771,0.795047318,5.902704968,8.5281
28111346.1107079,7466544.34277306,120.4424,-27.6922,3.17805383,0.1281,0.1549,0.871208884,6.001002194,10.4969
28154956.1459633,7379741.94599576,120.4434,-28.4164,3.258096538,0.3477,0.1896,0.933840797,5.830165414,34.4605
28113360.2352652,7463416.30148574,120.446,-27.7198,2.833213344,1.227,0.2085,0.871108445,5.833659251,8.6407
28109041.3352575,7472235.58953047,120.4468,-27.6466,2.48490665,0.9557,0.1711,0.866972689,5.731730179,9.9611
28088630.2395765,7513622.79740566,120.4494,-27.3026,2.772588722,0.0591,0.1505,0.822111543,5.906186201,7.1417
28129857.931794,7431402.29553447,120.4497,-27.9883,1.945910149,0.2303,0.1723,0.903806973,5.909823124,5.172
28156974.1736063,7377399.32786293,120.4502,-28.4388,3.17805383,0.0705,0.194,0.964327353,5.83777567,36.7941
28139710.5639131,7411884.11986279,120.4503,-28.1513,4.025351691,0.6207,0.1943,0.893937629,5.906900915,6.8415
28130201.3733783,7430915.05307748,120.4505,-27.9927,2.197224577,0.1918,0.1683,0.837039982,5.798730616,5.0263
28129503.6551939,7432456.50055145,120.4511,-27.9801,2.079441542,0.2602,0.1646,0.837039982,5.798730616,5.0874
28129305.0004056,7432927.40049651,120.4514,-27.9763,2.63905733,0.2943,0.1609,0.854434228,5.834066468,5.1087
28131012.6821761,7429642.62546903,120.4519,-28.0039,4.317488114,0.5051,0.1692,0.865033463,5.842010556,4.7589
28135500.4016684,7420759.02310564,120.4522,-28.0781,2.48490665,0.1087,0.182,0.910388182,6.007982367,7.645
28137799.4005105,7416194.76444362,120.4523,-28.1162,3.63758616,0.1448,0.1759,0.852789469,5.715019416,3.9451
28131318.3287416,7429181.25001286,120.4525,-28.008,3.36729583,0.5029,0.1692,0.865033463,5.842010556,4.7289
28129003.0513689,7433827.57823915,120.4526,-27.9693,1.945910149,0.2483,0.1559,0.862820219,5.903815367,5.2054
28153896.2694841,7384262.00268827,120.4531,-28.3828,2.890371758,1.8743,0.1905,0.92655481,5.821457921,30.6048
28115256.9441435,7461538.94000554,120.4537,-27.7387,3.610917913,0.8683,0.1509,0.896964759,5.867429874,9.0867
28131301.8706608,7429685.07298483,120.4544,-28.0046,3.080289391,0.3398,0.1692,0.865033463,5.842010556,4.4791
28123007.6917799,7446414.6532096,120.4551,-27.8654,1.791759469,1.6072,0.2128,0.957073298,5.610605976,11.8365
28146549.4562675,7399472.35924646,120.4553,-28.2569,3.091042453,3.3527,0.2072,1.00986329,5.93547114,16.8792
28148004.7948076,7396691.28818944,120.4558,-28.2803,2.995732274,1.2232,0.1993,0.844296538,5.784831912,19.3756
28131221.4537794,7430291.7765948,120.4562,-28.0003,2.890371758,0.0267,0.1701,0.845798024,5.802868207,4.277
28130739.6446854,7431476.61034808,120.4571,-27.9908,4.248495242,0.1004,0.1683,0.837039982,5.798730616,4.3715
28130604.9486976,7431844.62965513,120.4575,-27.9879,4.248495242,0.0145,0.1683,0.837039982,5.798730616,4.3053
28125822.0585554,7441466.1517301,120.4578,-27.9078,2.442347035,1.4419,0.1811,0.845798024,5.802868207,7.8739
28130632.4733581,7431888.83926689,120.4579,-27.9877,3.401197382,0.0417,0.1683,0.837039982,5.798730616,4.2624
28138544.8509784,7416169.25444734,120.4582,-28.1189,4.569543008,0.4048,0.1786,0.837039982,5.798730616,12.8965
28131202.4794983,7430899.77393692,120.4585,-27.9962,2.926741188,0.1647,0.1701,0.845798024,5.802868207,4.0801
28131168.1764513,7431017.82235622,120.4587,-27.9953,4.094344562,0.141,0.1701,0.845798024,5.802868207,4.0713
28130865.6367504,7431646.51177055,120.4588,-27.9901,4.740574823,0.2902,0.1683,0.837039982,5.798730616,4.179
28131211.9796423,7430979.96240371,120.4589,-27.9957,3.33220451,0.1721,0.1701,0.845798024,5.802868207,4.0508
28130945.4889743,7431536.69410798,120.459,-27.9911,4.171305603,0.2809,0.1684,0.837039982,5.798730616,4.1525
28131241.6353958,7430995.13018502,120.4592,-27.9957,2.140066163,0.1982,0.1701,0.845798024,5.802868207,4.0083
28130933.0875228,7431635.81255103,120.4593,-27.9904,4.360645938,0.3077,0.1684,0.837039982,5.798730616,4.1112
28131099.19,7431329.05173451,120.4594,-27.993,3.320229524,0.209,0.165,0.837039982,5.798730616,4.0376
28131389.3234993,7430799.48076323,120.4596,-27.9975,4.388257184,0.0366,0.1633,0.847279861,5.699278719,3.9325
28130864.4814287,7431871.90938963,120.4597,-27.9886,4.682131227,0.2685,0.1527,0.784444014,5.692255798,4.0618
28131228.848837,7431169.38116776,120.4598,-27.9945,4.672828834,0.1887,0.162,0.847279861,5.699278719,3.9702
28130848.2028982,7431953.9789539,120.4599,-27.988,4.65396035,0.2349,0.1527,0.784444014,5.692255798,4.0415
28131374.7909547,7430927.64103673,120.46,-27.9966,4.143134726,0.0691,0.1633,0.847279861,5.699278719,3.9094
28131366.6516894,7430968.67581887,120.4601,-27.9963,4.094344562,0.0829,0.1633,0.847279861,5.699278719,3.8999
28131256.3734975,7431213.59077952,120.4602,-27.9943,4.043051268,0.2276,0.1633,0.847279861,5.699278719,3.9414
28130837.5474326,7432099.18810618,120.4604,-27.987,3.113515309,0.1625,0.1527,0.784444014,5.692255798,3.9798
28131261.9965624,7431276.73036754,120.4605,-27.9939,4.767856052,0.2296,0.1633,0.847279861,5.699278719,3.9172
28131283.8981579,7431257.80039128,120.4606,-27.9941,4.290459441,0.2074,0.1633,0.847279861,5.699278719,3.9021
28131095.1286207,7431733.75626343,120.461,-27.9903,3.555348061,0.362,0.1527,0.784444014,5.692255798,3.9356
28134157.1653265,7425646.39273837,120.4611,-28.0411,2.772588722,0.0435,0.1596,0.900578113,5.756440415,3.4702
28132948.7525089,7428207.24110494,120.4617,-28.02,3.258096538,0.1223,0.1663,0.868517732,5.783490538,4.1476
28153207.5387998,7387917.27312785,120.4623,-28.3562,2.890371758,0.3643,0.1912,0.922448617,5.756564806,27.5333
28139356.5708903,7415590.06857491,120.4624,-28.1255,3.761200116,0.6974,0.1779,0.865391757,5.769760098,4.1404
28131245.1533744,7431855.6858792,120.4627,-27.99,1.945910149,0.181,0.1527,0.784444014,5.692255798,3.7463
28136903.3111151,7420858.85555778,120.4639,-28.0822,3.091042453,0.0064,0.1691,0.888231235,5.64086915,1.6315
28110671.246381,7473295.21512136,120.4642,-27.6451,2.63905733,0,0.1591,0.910482541,5.904158084,10.1778
28141432.317598,7412041.56761204,120.4648,-28.1561,3.688879454,0.0023,0.1906,0.867810538,5.900319339,6.1601
28131766.5294799,7431459.45011004,120.4653,-27.9944,4.219507705,0.1935,0.1633,0.847279861,5.699278719,3.3897
28114945.0083258,7465160.93805591,120.4658,-27.7136,2.708050201,0.093,0.1204,0.906770464,6.044134763,7.4981
28131915.7840191,7431731.64480519,120.4676,-27.9931,3.799228258,0.274,0.1527,0.784444014,5.692255798,3.1837
28150977.5831725,7393707.051,120.4677,-28.3102,4.248495242,0.1022,0.1903,0.943119961,5.943222852,22.3929
28149010.2151274,7398154.67393938,120.4698,-28.274,4.564348191,1.2505,0.1976,0.847997979,5.839419696,18.3835
28149039.8708809,7398169.84172069,120.4701,-28.274,4.127134385,1.2599,0.1976,0.847997979,5.839419696,18.3772
28149049.7561321,7398174.89764779,120.4702,-28.274,3.871201011,1.2603,0.1976,0.847997979,5.839419696,18.3786
28125277.1649023,7445677.09814482,120.4704,-27.878,3.465735903,2.3583,0.1915,0.888558649,6.037841814,12.6185
28149099.182388,7398200.1772833,120.4707,-28.274,3.688879454,1.284,0.1976,0.847997979,5.839419696,18.3653
28104856.7486275,7486562.36414551,120.4709,-27.5373,3.135494216,0.1528,0.202,0.851094778,5.861972233,8.4417
28149122.8299694,7398227.33801628,120.471,-28.2739,4.007333185,1.3079,0.1976,0.847997979,5.839419696,18.3472
28149156.362802,7398259.55467637,120.4714,-28.2738,4.709530201,1.3344,0.1976,0.847997979,5.839419696,18.3282
28149184.2725696,7398228.63174844,120.4715,-28.2741,4.770684624,1.3067,0.1976,0.847997979,5.839419696,18.3628
28137603.6235202,7421518.35654079,120.4722,-28.0802,4.501453873,0.2674,0.1608,0.876964301,5.650860745,1.0285
28107341.0510417,7482198.34246857,120.4733,-27.5747,2.772588722,0.0379,0.1974,0.844210308,5.821844443,7.4045
28134585.5955625,7427914.48098135,120.4737,-28.0275,2.63905733,0.387,0.1637,0.864220274,5.726060611,3.0311
28137761.7875391,7421599.25137442,120.4738,-28.0802,4.477336814,0.2322,0.1608,0.876964301,5.650860745,0.9131
28132824.4309067,7431578.68090224,120.4743,-27.9972,4.110873864,0.2454,0.1525,0.868040226,5.683685011,2.3421
28149438.77,7398464.26022324,120.4745,-28.2734,4.127134385,1.5148,0.1976,0.847997979,5.839419696,18.2426
28151729.6324768,7393941.03634335,120.4747,-28.3112,4.182050143,1.3117,0.1904,0.847997979,5.839419696,22.4065
28137860.6400509,7421649.81064544,120.4748,-28.0802,4.356708827,0.2287,0.1608,0.876964301,5.650860745,0.8429
28126761.0298811,7443904.96676389,120.4752,-27.8948,3.737669618,0.4699,0.1552,0.892746092,5.831394659,10.4379
28137910.0663068,7421675.09028094,120.4753,-28.0802,4.234106505,0.2326,0.1608,0.876964301,5.650860745,0.8159
28149533.7483328,7398497.77061547,120.4754,-28.2735,4.418840608,1.4686,0.1976,0.847997979,5.839419696,18.2413
28149583.1745888,7398523.05025098,120.4759,-28.2735,4.382026635,1.4515,0.1976,0.847997979,5.839419696,18.232
28149581.0434956,7398552.09208144,120.476,-28.2733,3.663561646,1.4733,0.1976,0.847997979,5.839419696,18.2041
28149590.9287468,7398557.14800854,120.4761,-28.2733,3.555348061,1.471,0.1976,0.847997979,5.839419696,18.2001
28144127.3691652,7409487.78291383,120.4762,-28.1822,3.761200116,0.9937,0.1825,0.868040226,5.683685011,12.8211
28143832.5836224,7410150.57008572,120.4765,-28.1768,4.369447852,0.8504,0.1792,0.876964301,5.650860745,9.4776
28149638.2239096,7398611.46947451,120.4767,-28.2731,4.96284463,1.4676,0.1976,0.847997979,5.839419696,18.1783
28149648.1091608,7398616.52540161,120.4768,-28.2731,4.394449155,1.4647,0.1976,0.847997979,5.839419696,18.1753
28150557.089142,7396851.68040755,120.477,-28.2879,2.995732274,0.0248,0.1796,0.904308413,5.820226461,19.8048
28143879.8787852,7410204.89155168,120.4771,-28.1766,4.590056548,0.8605,0.1792,0.847997979,5.839419696,9.446
28133157.0374751,7431658.40100523,120.4773,-27.9978,2.564949357,0.0139,0.1525,0.868040226,5.683685011,2.0013
28149689.3961514,7398682.83981925,120.4774,-28.2728,4.369447852,1.4868,0.1976,0.847997979,5.839419696,18.1302
28138173.0910097,7421794.55143392,120.4779,-28.0803,4.663439094,0.2542,0.1544,0.864709441,5.634398451,0.7192
28116641.5479936,7464823.38095524,120.4781,-27.7216,3.860729711,0.1333,0.152,0.758178394,6.059369802,1.988
28129647.1096152,7438887.68240396,120.4782,-27.9379,3.218875825,0.1939,0.1587,0.821127544,5.812541554,5.758
28118038.5507981,7462208.33012423,120.4788,-27.7437,2.890371758,0.0255,0.1653,0.875695575,5.793600587,6.6362
28138456.2713222,7421848.9919014,120.4804,-28.0809,4.736198448,0.0408,0.1544,0.864709441,5.634398451,0.6707
28141850.7090394,7415494.72761132,120.4821,-28.1346,3.258096538,0.0271,0.1654,0.853581092,5.932996954,3.1096
28140221.724171,7418895.08259531,120.4827,-28.1065,3.091042453,0.1209,0.1633,0.866222497,5.605136602,1.1415
28131790.127545,7435750.23562927,120.4828,-27.966,3.526360525,0.4397,0.1495,0.826702067,5.772653337,2.7237
28119935.6187768,7459487.46182863,120.4831,-27.7682,3.555348061,0.4974,0.1839,0.899482349,5.663795067,7.8087
28110698.5419748,7478024.80292707,120.4835,-27.6138,3.737669618,1.1318,0.2118,0.839048331,5.750918375,7.857
28148348.0853456,7403194.54675352,120.4848,-28.2383,3.17805383,2.1162,0.1974,0.867211588,6.060122443,14.2385
28098066.6683553,7503759.91513099,120.4856,-27.4001,3.33220451,2.8712,0.1692,0.808949726,6.007051159,3.3917
28146263.8402722,7407627.58931392,120.4859,-28.2018,2.995732274,0.8856,0.1894,0.848176453,6.007281047,10.1936
28164836.8463879,7370603.46638807,120.4861,-28.5106,3.63758616,0.1997,0.1976,0.924044529,5.861375644,37.5753
28151997.2029433,7396654.15753054,120.4878,-28.2941,3.091042453,0.1476,0.2307,0.96344195,5.863629559,20.3945
28159137.2481131,7382724.10997525,120.4891,-28.4108,3.401197382,2.2313,0.1943,0.965131209,5.803598999,32.3666
28141144.1333888,7418764.22349823,120.4896,-28.1105,4.33073334,0.0757,0.1561,0.896887403,5.685280117,0.7782
28139271.3296625,7422552.11513084,120.4898,-28.079,4.607667066,0.1944,0.1562,0.843147912,5.70869984,0.7092
28125778.7209892,7449534.3753077,120.49,-27.8541,3.258096538,0.0358,0.1668,0.83084119,5.74179725,8.7757
28143648.7709628,7413913.42772811,120.4902,-28.1512,1.791759469,0.0022,0.1798,0.826566759,5.860942672,4.5696
28136412.4154883,7428457.11591795,120.4906,-28.0301,3.871201011,0.0073,0.152,0.79850048,5.456458974,2.1264
28124630.5954502,7452321.91502549,120.492,-27.8317,2.890371758,0.0577,0.1682,0.870386447,5.746292082,7.8347
28139746.7714839,7422222.78114465,120.4923,-28.0828,4.609328528,0.6554,0.1562,0.843147912,5.70869984,0.2167
28139796.1977398,7422248.06078016,120.4928,-28.0828,4.430816799,0.6653,0.1562,0.843147912,5.70869984,0.1697
28113369.7404036,7475097.23662787,120.4932,-27.6423,3.610917913,0,0.1356,0.868657345,5.956181624,6.942
28100668.0793616,7500525.46901376,120.4935,-27.4304,3.135494216,3.0089,0.1964,0.801738694,5.914555456,3.1467
28139910.943675,7422291.6830266,120.4939,-28.0829,4.997212274,0.7036,0.1562,0.843147912,5.70869984,0.1049
28157544.5438415,7387167.50239288,120.4942,-28.3759,2.772588722,0,0.1603,0.878541186,6.039772385,29.4535
28139986.1486054,7422315.08156463,120.4946,-28.083,4.927253685,0.6853,0.1562,0.843147912,5.70869984,0.1184
28164715.4000865,7373027.22499981,120.4949,-28.4941,2.772588722,1.019,0.1979,0.950374233,5.927626144,35.7553
28138020.3209892,7426462.17438225,120.4955,-28.0488,3.258096538,0.0471,0.1405,0.854342943,5.640701597,0.5834
28135039.8824933,7432485.81095397,120.4958,-27.9987,4.510859507,0.8952,0.0996,0.8153565,5.542489568,0.4426
28141698.6832265,7419243.71120456,120.496,-28.1092,4.343240327,0.3901,0.1528,0.888829015,5.776660467,0.1647
28140184.2387363,7422341.06756698,120.4963,-28.0835,4.795790546,0.646,0.1537,0.825293103,5.886679449,0.2658
28154378.853787,7394527.65053094,120.4984,-28.3163,3.33220451,1.1359,0.2057,0.968179307,5.778385895,22.8387
28163292.2855139,7377256.03801941,120.5005,-28.4612,2.772588722,0.1179,0.1938,0.947399797,5.913864859,33.3775
28134277.2817504,7435470.53182874,120.5017,-27.9763,4.934473933,0.3295,0.1217,0.825839449,5.576517135,1.283
28136547.2155032,7431162.59371373,120.5026,-28.0126,4.304065093,0.1665,0.1229,0.817224881,5.522573228,1.0675
28138291.9480849,7428770.59104052,120.507,-28.0344,4.787491743,0.011,0.1542,0.843367394,5.388449265,1.2984
28106147.6624005,7493429.76846244,120.509,-27.4961,2.944438979,0.0417,0.1727,0.832184186,6.108935143,3.4295
28137297.9039289,7431275.35584516,120.5091,-28.0144,4.060443011,0.035,0.136,0.833917019,5.453085322,1.1162
28094164.4658166,7517523.02101718,120.5097,-27.2955,2.995732274,0.0404,0.1528,0.79067317,5.907967394,2.4505
28110142.7377828,7486297.96241232,120.5124,-27.557,3.433987204,0.3977,0.2219,0.872287879,5.811876811,3.3469
28104881.1454111,7497271.63219873,120.5143,-27.4663,2.890371758,2.2229,0.191,0.825572993,6.118697715,2.136
28135228.6285209,7437041.85414378,120.5157,-27.9691,4.060443011,0.0159,0.1386,0.926151542,5.712703983,2.8949
28127032.7114876,7453550.50531125,120.5163,-27.8317,3.465735903,0.0518,0.1917,0.830949513,5.718519725,5.1833
28141068.3923049,7425806.45852097,120.5174,-28.0635,4.349632567,0.6342,0.1488,0.80305135,5.865491798,1.9541
28145685.0051698,7416913.45067021,120.5187,-28.1382,2.48490665,0.0533,0.1775,0.865092507,5.829639705,3.9317
28132859.8942699,7442835.98153918,120.52,-27.9226,2.890371758,1.5837,0.1604,0.828386296,5.656120079,6.2187
28099484.1128439,7509531.96064729,120.5203,-27.3666,2.708050201,0.082,0.1382,0.78093946,5.607397819,1.3606
28168616.8634119,7371783.50514404,120.5213,-28.5156,2.079441542,0.1004,0.1701,0.910311612,5.897840622,34.7484
28104281.7670946,7500897.27344253,120.5241,-27.4402,3.218875825,0.3523,0.165,0.802021148,5.921530761,0.8103
28137500.5658301,7434663.37615743,120.5244,-27.9926,3.850147602,0.0496,0.1276,0.936696459,5.832770561,2.2064
28136180.513942,7437347.91623571,120.5246,-27.9703,4.251851034,0.0879,0.1385,0.895579643,5.584482421,3.6213
28109898.6378447,7489834.12870347,120.5247,-27.5327,4.17438727,0.3804,0.1644,0.826099479,5.855451797,3.9319
28110284.9068485,7489112.67050535,120.5249,-27.5388,4.605170186,0.2731,0.1688,0.814217363,5.81792722,3.7841
28102303.9231341,7505068.3521635,120.525,-27.4058,2.995732274,0.0958,0.1538,0.739031997,5.565174507,0.8516
28131713.5407236,7446437.98624192,120.5253,-27.8948,3.555348061,0.0236,0.1793,0.809429496,5.841089531,8.2684
28122763.1101991,7464353.57495061,120.5255,-27.7455,3.63758616,0.0794,0.1935,0.855439815,5.635389569,2.549
28109261.9771533,7491452.00244929,120.5261,-27.5198,4.634728988,0.1312,0.1762,0.850821172,5.90255906,2.6849
28136562.7263166,7437031.16256651,120.5264,-27.9737,3.36729583,0.0406,0.1385,0.895579643,5.584482421,3.5606
28121279.8878982,7467933.94321127,120.528,-27.7167,3.610917913,0.1254,0.1854,0.893249581,5.642635114,0.6138
28136544.5222499,7437488.89482924,120.5281,-27.9706,4.790265393,0.3436,0.1385,0.895579643,5.584482421,3.9474
28136554.407501,7437493.95075635,120.5282,-27.9706,4.615120517,0.3528,0.1385,0.895579643,5.584482421,3.9545
28163775.3044404,7383182.92853614,120.5283,-28.4235,2.302585093,0.682,0.2052,0.955267814,5.748956091,28.7845
28136574.1780034,7437504.06261055,120.5284,-27.9706,4.442651256,0.3664,0.1385,0.895579643,5.584482421,3.9352
28136679.0386874,7437542.62892989,120.5294,-27.9707,4.234106505,0.403,0.1385,0.895579643,5.584482421,3.8372
28156612.0228032,7397779.05709447,120.5295,-28.3023,3.295836866,2.7228,0.2051,0.930800365,5.856200869,21.5905
28141209.7911562,7428771.43169339,120.5305,-28.0443,4.605170186,0.0221,0.154,0.813019062,5.514343494,1.2117
28136803.6698737,7437591.30710344,120.5306,-27.9708,4.33073334,0.3925,0.1385,0.895579643,5.584482421,3.7126
28136868.989553,7437609.64971437,120.5312,-27.9709,4.127134385,0.396,0.1385,0.895579643,5.584482421,3.6564
28140268.844778,7430971.9041443,120.5318,-28.0265,3.449987546,0.4877,0.121,0.812142705,5.301488018,1.1551
28142941.7111724,7425785.30572721,120.5324,-28.07,3.951243719,0.0701,0.1407,0.784391186,5.60308681,0.2609
28137003.5059905,7437663.38381502,120.5325,-27.971,4.317488114,0.4172,0.138,0.846920329,5.524982718,3.5284
28151336.8736582,7409077.243,120.5326,-28.2094,3.33220451,0.1275,0.1802,0.859841847,5.890430097,11.6774
28166691.245485,7378527.43282551,120.533,-28.4643,4.234106505,0.181,0.175,0.90117616,5.765260244,30.4145
28166909.2856685,7378141.77727436,120.5332,-28.4676,3.433987204,0.2492,0.175,0.90117616,5.765260244,30.5816
28166931.187264,7378122.8472981,120.5333,-28.4678,4.49980967,0.2699,0.175,0.90117616,5.765260244,30.589
28166946.3104729,7378266.17535291,120.534,-28.4669,4.248495242,0.1594,0.175,0.90117616,5.765260244,30.4671
28167211.2607119,7378009.97380742,120.5351,-28.4695,4.787491743,0.4569,0.175,0.90117616,5.765260244,30.5225
28127776.7255538,7456899.02257657,120.5358,-27.812,3.931825633,0.0122,0.1873,0.826443382,5.724826998,3.0312
28126391.9446506,7459836.70837224,120.5365,-27.7878,3.433987204,0.943,0.1885,0.809645437,5.722921925,4.6052
28167271.1628832,7378311.79769835,120.5368,-28.4677,4.787491743,0.3279,0.175,0.90117616,5.765260244,30.2553
28115462.309287,7481802.15255296,120.5371,-27.6049,3.839452313,0.0445,0.1826,0.82491489,5.630864386,1.3254
28166581.5839641,7379812.21039019,120.5373,-28.4554,4.317488114,0.8088,0.1923,0.927776889,5.714869714,29.4895
28150117.0611674,7412701.93981694,120.5374,-28.1812,2.890371758,0.0916,0.162,0.838093471,5.791703232,9.0547
28167436.490396,7378155.30196122,120.5375,-28.4693,3.401197382,0.5263,0.175,0.90117616,5.765260244,30.2914
28121438.5150447,7470244.82833233,120.5386,-27.7019,2.197224577,0.0619,0.136,0.871386232,5.968975288,1.9661
28167504.1467253,7378491.22360971,120.5394,-28.4673,1.673970184,0.3671,0.175,0.90117616,5.765260244,29.9848
28167575.859684,7378422.44072927,120.5397,-28.468,2.995732274,0.4461,0.175,0.90117616,5.765260244,29.997
28164257.2175615,7385071.59188569,120.5398,-28.4126,3.776585798,0.3838,0.1709,0.90117616,5.765260244,26.9592
28134274.307417,7444945.46258678,120.5399,-27.9134,4.505349851,0.0587,0.1529,0.83977299,5.689876654,3.6744
28137744.8998292,7438042.57834766,120.54,-27.971,4.297285406,0.0837,0.138,0.846920329,5.524982718,2.762
28137742.7687361,7438071.62017811,120.5401,-27.9708,4.418840608,0.0989,0.138,0.846920329,5.524982718,2.7443
28108870.985333,7495801.92735856,120.5405,-27.4896,3.526360525,0.0412,0.1645,0.829103842,5.788029704,1.1341
28109229.3445691,7495111.39208837,120.5406,-27.4954,4.094344562,0.5707,0.1595,0.830069868,5.547557281,0.4956
28115249.1479608,7483169.58704722,120.5409,-27.5951,3.891820298,0.1784,0.1861,0.837961793,5.500168355,1.3623
28123825.3518325,7466719.84490902,120.5436,-27.7334,5.153291594,1.1759,0.1864,0.859753422,5.750124159,0.1986
28119962.6878013,7474702.80116595,120.5447,-27.6673,1.791759469,0,0.1165,0.880370652,6.114476836,3.1911
28154239.9006075,7406554.50017424,120.5458,-28.236,3.784189634,0.0228,0.1873,0.907033099,5.927285926,14.958
28112302.4738612,7490340.43542275,120.5461,-27.5375,3.737669618,0.0626,0.1608,0.847488075,5.687141106,1.6874
28133018.266343,7449063.87057849,120.5464,-27.8818,4.394449155,0.0891,0.1603,0.845238037,5.652979653,6.4671
28160125.9837828,7395177.07022877,120.5473,-28.3315,3.828641396,0.0266,0.2003,0.935426944,5.8116319,24.366
28162374.6066043,7391159.55041833,120.5492,-28.3658,4.317488114,0,0.1186,0.832029372,6.013961242,24.6307
28099761.3134883,7516167.14167982,120.5493,-27.3235,2.944438979,2.0054,0.1874,0.846037321,5.711772582,4.083
28156234.0751121,7403838.10044042,120.5509,-28.2608,3.828641396,2.0376,0.2022,0.908507134,5.948490526,17.7308
28146250.2389771,7423816.47683763,120.5511,-28.0943,4.189654742,0.0977,0.1531,0.885428112,5.660773007,1.1777
28142705.0322987,7430967.45086703,120.5514,-28.0348,5.198497031,0.2255,0.1225,0.775052284,5.533753701,0.4587
28135347.7431667,7445901.26316981,120.5524,-27.9107,3.891820298,0.0326,0.1702,0.827786433,5.739681813,5.5365
28166517.3700902,7383832.09494642,120.553,-28.4285,2.890371758,1.3661,0.1985,0.957898671,5.735666549,26.5339
28141788.3241662,7433466.57237925,120.5541,-28.0151,4.189654742,0.0576,0.136,0.856964201,5.522483364,1.2071
28124049.6837655,7468973.94010132,120.5545,-27.7192,3.218875825,0.6505,0.1937,0.847388818,5.534116811,1.8225
28119428.2440569,7478421.91756039,120.5554,-27.6408,5.162497643,0.9291,0.1528,0.8111176,5.695331568,0.0457
28139331.1873119,7438718.31048335,120.5555,-27.9719,4.574710979,0.0506,0.1278,0.830653487,5.490995749,1.549
28130781.1732287,7455859.4132601,120.5558,-27.8291,4.406719247,0.0696,0.1536,0.844500552,5.45603506,1.1358
28116170.6594274,7485147.49498866,120.5563,-27.5851,3.772760938,0.1481,0.1627,0.822257353,5.646986864,0.6013
28099285.5645799,7518876.73103284,120.5564,-27.3039,2.995732274,0.0765,0.1597,0.849545246,5.896083505,5.0402
28138756.7394352,7440187.21288193,120.5568,-27.9602,4.510859507,0.1956,0.1345,0.824515082,5.46524097,0.599
28139512.613805,7438901.49858965,120.5577,-27.9713,4.59511985,0.1036,0.1278,0.830653487,5.490995749,1.3843
28101980.9492408,7514711.06524352,120.5613,-27.3407,3.433987204,0.3947,0.1891,0.806537916,5.990918664,4.8569
28109734.5981848,7499407.47153773,120.562,-27.4686,4.158883083,0.1933,0.1551,0.80206337,5.815344867,0.5242
28109345.8129806,7500233.104,120.5622,-27.4618,3.496507561,0.0225,0.1575,0.811534557,5.826634856,1.1835
28165085.3720446,7389020.58210324,120.5624,-28.3892,3.610917913,0,0.1274,0.913865711,6.073828209,23.8909
28130542.2592348,7457997.10312754,120.5625,-27.8141,4.763394557,0.1801,0.158,0.816467156,5.455668631,0.7498
28138053.4501995,7443202.26931931,120.5633,-27.9378,4.060443011,0.0116,0.1656,0.832453972,5.740247287,2.4183
28118620.8903584,7482016.51687474,120.5634,-27.6142,4.585751865,0.288,0.1545,0.833763909,5.540262815,0.7985
28112273.3592556,7494860.38075601,120.5641,-27.5074,3.610917913,0.0165,0.1485,0.802222074,5.732433983,0.6826
28170906.3410977,7377971.43041485,120.5647,-28.4823,2.197224577,0.1237,0.1817,0.923242151,5.828477557,28.6782
28140586.9733126,7438516.90640988,120.5648,-27.9775,4.324132656,0.6097,0.1247,0.830651097,5.672357232,0.5396
28152821.3578052,7414145.34750376,120.565,-28.1808,3.784189634,0.0494,0.1636,0.864666813,5.840151869,10.8396
28140427.859529,7439008.03006334,120.5655,-27.9737,4.624972813,0.7295,0.1273,0.809528904,5.496129591,0.5129
28148820.8909217,7422329.00910959,120.5658,-28.1129,4.356708827,0.3267,0.1687,0.832660277,5.461997219,3.5265
28148857.9157261,7422453.40718815,120.5666,-28.1122,4.343805422,0.4312,0.1687,0.832660277,5.461997219,3.4873
28148889.3174655,7422514.66567869,120.5671,-28.1119,4.290459441,0.4855,0.1687,0.832660277,5.461997219,3.4819
28151566.8311534,7417194.85106099,120.5672,-28.1563,4.382026635,0.1005,0.165,0.840913414,5.660795317,8.1917
28112906.9650959,7494611.94160344,120.5682,-27.5112,3.205454156,0.4915,0.1493,0.768376951,5.691182473,0.1509
28148963.7521815,7422688.32929611,120.5684,-28.111,4.477336814,0.3571,0.17,0.857659955,5.372518304,3.4639
28106547.802756,7507404.65884836,120.5686,-27.4047,2.944438979,0.0059,0.1589,0.788052666,5.745975814,1.1125
28140618.0159516,7439421.67171582,120.5687,-27.9716,4.912654886,0.4722,0.1311,0.8114179,5.549515483,0.5006
28127764.0195126,7465178.76972411,120.5691,-27.757,3.850147602,0.0531,0.1691,0.809766244,5.582342894,3.9877
28131823.0276887,7457175.70876028,120.5695,-27.8239,4.532599493,0.3012,0.1358,0.792645919,5.482265779,0.9375
28149117.6540142,7422827.30779065,120.5702,-28.1106,4.418840608,0.1903,0.17,0.857659955,5.372518304,3.534
28111991.0271779,7496960.79803627,120.5703,-27.4925,4.647990183,0.9436,0.138,0.772614282,5.641885376,2
28131957.9292335,7457154.31032123,120.5705,-27.8245,4.634728988,0.2883,0.1358,0.792645919,5.482265779,1.0624
28111888.1180368,7497314.94329417,120.5709,-27.4898,4.529368473,0.0434,0.1564,0.788125884,5.477669392,2.2409
28132027.1259917,7457189.70181094,120.5712,-27.8245,4.543294782,0.2552,0.1358,0.792645919,5.482265779,1.1325
28132058.5277312,7457250.96030149,120.5717,-27.8242,4.574710979,0.2065,0.1358,0.792645919,5.482265779,1.1783
28105481.8660911,7510399.95994114,120.5721,-27.3812,3.663561646,0.0631,0.1506,0.797833105,5.714207851,0.6999
28120566.2552781,7480314.70010944,120.5722,-27.6321,4.231930225,0.0644,0.1436,0.85485555,5.60198632,1.5774
28132147.4949918,7457296.4636454,120.5726,-27.8242,4.48863637,0.2176,0.1358,0.792645919,5.482265779,1.2742
28132190.9130756,7457333.73623259,120.5731,-27.8241,4.59511985,0.2275,0.1358,0.792645919,5.482265779,1.3176
28132282.0114294,7457350.19774605,120.5739,-27.8243,5.017279837,0.2974,0.1358,0.792645919,5.482265779,1.4069
28149416.933307,7423221.43210157,120.5742,-28.109,4.770684624,0.0144,0.1688,0.876819943,5.375163615,3.6543
28149448.3350465,7423282.69059211,120.5747,-28.1087,4.762173935,0.047,0.1688,0.876819943,5.375163615,3.6662
28154845.4196272,7412559.11069497,120.5749,-28.1982,4.007333185,0.0612,0.1593,0.89815629,5.996633638,11.8881
28141448.5566011,7439424.61618468,120.5754,-27.9744,5.049856007,0.3295,0.1311,0.8114179,5.549515483,0.6779
28149529.1630418,7423369.22871816,120.5757,-28.1084,4.753590191,0.1276,0.1688,0.876819943,5.375163615,3.7111
28119183.2463677,7484066.85089005,120.5762,-27.6025,3.85795534,0.3541,0.1319,0.789984107,5.707038197,0.8061
28109866.3173418,7502714.00965106,120.5764,-27.4471,4.471638793,0.0822,0.1586,0.840246395,5.662853707,0.4649
28141078.0014705,7440560.89076593,120.577,-27.9656,4.483002552,0.3958,0.1564,0.893920394,5.287279883,2.7394
28121128.7388241,7480406.53216562,120.5771,-27.6334,4.49271344,0.2851,0.1379,0.77591549,5.784555699,0.7055
28149659.0321859,7423556.17901941,120.5775,-28.1076,3.988984047,0.2972,0.1759,0.893920394,5.287279883,3.7926
28154767.7245032,7413408.26080279,120.5777,-28.1923,3.091042453,0.0219,0.1717,0.903802771,5.851919601,12.353
28119370.6810329,7484238.04604468,120.5784,-27.602,4.288173268,0.132,0.1387,0.77591549,5.784555699,0.6134
28114911.4619726,7493362.21380845,120.5793,-27.5263,4.317488114,0.061,0.1554,0.832418049,5.766120619,1.1442
28118964.8470838,7485296.0132566,120.5794,-27.5936,3.784189634,0.1488,0.1022,0.8339101,5.785079676,0.4506
28143266.3630202,7437085.05387996,120.5806,-27.9961,3.970291914,0.0634,0.1442,0.853498877,5.768839314,0.9914
28103459.3211885,7516717.66565312,120.5813,-27.3324,4.060443011,0.0455,0.1937,0.805225826,5.883595871,5.3998
28163802.5010016,7396439.76591434,120.582,-28.3356,2.833213344,0.021,0.1857,0.921436714,5.838570627,20.5412
28116984.8980369,7490264.50808374,120.5835,-27.5539,4.127134385,0.0032,0.1708,0.848379136,5.431170477,3.5123
28152420.9178544,7419951.83249766,120.5852,-28.1409,4.276666119,0.117,0.1665,0.864361345,5.738101883,7.2711
28138183.8864982,7448692.70701084,120.5865,-27.9018,4.248495242,0.0406,0.1286,0.818847342,5.755275199,3.0824
28121853.2894748,7481364.68220992,120.5868,-27.6295,4.304065093,0.0554,0.1594,0.878618232,5.577492905,1.883
28124615.8933442,7476073.32205736,120.5877,-27.674,3.496507561,0.0204,0.1488,0.883163144,5.882737847,4.9143
28160313.5509792,7404990.51009961,120.5884,-28.267,3.17805383,0.0322,0.1916,0.9175219,5.869622285,20.1357
28130666.7133681,7464267.90804645,120.5888,-27.7729,3.988984047,0.0884,0.1566,0.847589301,5.668732919,6.1087
28158165.3471052,7409526.43329801,120.5894,-28.2296,3.688879454,0.0657,0.1547,0.902621073,5.917552009,16.6758
28111701.8411904,7502718.72385813,120.5912,-27.4533,2.890371758,0.0811,0.1572,0.816738269,5.702110576,0.8964
28117569.1296349,7491527.53784708,120.5933,-27.5475,3.555348061,0.5417,0.1616,0.786175129,5.593885225,3.4898
28152282.8079152,7422532.79321336,120.5945,-28.1233,4.787491743,0.0866,0.1765,0.876294653,5.491688471,6.3552
28142718.7736166,7441821.92807254,120.5953,-27.9628,3.63758616,0.017,0.1248,0.795710171,5.768341442,1.9809
28140613.3971621,7446123.6355298,120.5957,-27.9271,4.477336814,0.0427,0.1453,0.829487866,5.735912557,4.5778
28139341.231101,7449133.98540237,120.5976,-27.9028,3.583518938,0.0394,0.1617,0.838671026,5.700847024,4.4419
28136537.1606907,7454780.78454499,120.5978,-27.8558,4.406719247,0.0171,0.1358,0.836486142,5.704508615,1.7867
28131253.4611665,7465426.76343964,120.5982,-27.7672,4.043051268,0.3051,0.159,0.827323775,5.680077145,3.0561
28103348.608373,7521301.33793971,120.5989,-27.3016,3.433987204,1.3738,0.1866,0.829380203,5.938812613,9.0928
28130048.1552135,7468154.92576437,120.5995,-27.745,3.555348061,0.1044,0.1872,0.876717631,5.374694942,6.3614
28118160.704277,7492131.42363196,120.6005,-27.5455,4.382026635,0.1574,0.1491,0.770163252,5.571182116,3.9306
28153153.865341,7422752.31717925,120.6024,-28.1248,4.65396035,0.0765,0.1757,0.877061233,5.493874823,7.1242
28128980.4725627,7471104.13614791,120.6028,-27.7218,3.63758616,0.0206,0.1969,0.882637423,5.609835266,6.6476
28160923.4077083,7407441.78644889,120.6032,-28.2528,2.890371758,0.0558,0.1756,0.937988505,5.906735899,19.5641
28149011.5389759,7431541.38866288,120.6045,-28.0524,4.700480366,0.1153,0.1281,0.882117051,5.628654254,5.7872
28156694.8358399,7416427.80108646,120.6054,-28.1788,3.583518938,0.0303,0.144,0.87653274,5.78290777,11.9445
28169134.09,7391919.97015163,120.6067,-28.3837,3.970291914,0.3322,0.1883,0.913509799,5.848129826,19.0511
28135947.2825182,7458486.61425559,120.608,-27.8292,3.218875825,0.1866,0.1489,0.850315833,5.734618374,1.4077
28116866.6886339,7496697.4520322,120.6085,-27.5108,5.111987788,6e-04,0.1462,0.79675317,5.654815044,2.3677
28145627.4236307,7439362.32489179,120.6088,-27.989,3.761200116,0.0724,0.1491,0.793403057,5.800992926,1.296
28114452.3791992,7501714.97439517,120.6093,-27.4693,3.496507561,0.3219,0.1582,0.788418033,5.563317093,3.1419
28156417.3306059,7417973.24875842,120.6094,-28.1676,3.17805383,0.0688,0.1528,0.832287446,5.476110182,10.6237
28158746.5758658,7413695.64620602,120.6109,-28.2039,2.48490665,0.0205,0.149,0.901369124,5.819433775,14.3132
28108471.5521549,7514173.88909211,120.6114,-27.3663,3.828641396,0.0262,0.176,0.791031458,5.640102085,4.0041
28175788.2943033,7380347.83515424,120.6136,-28.4831,2.63905733,0.293,0.2,0.945485893,5.948327625,24.7332
28134080.9240848,7463724.12894825,120.6141,-27.7881,4.343805422,0.0483,0.1369,0.857419925,5.744808934,5.9455
28164703.8073423,7402746.31932751,120.6147,-28.2968,2.302585093,0.0583,0.1744,0.868153695,6.057422857,17.0635
28163643.8528428,7404961.2531929,120.6151,-28.2785,3.784189634,0.0381,0.1781,0.915967941,5.907277216,17.4571
28131229.3789615,7469738.3600326,120.6154,-27.7385,4.48863637,0.038,0.1702,0.801395306,5.415710834,7.9934
28139398.3619986,7453456.98758168,120.6155,-27.8743,3.113515309,0.2367,0.1522,0.846036781,5.613163735,1.6866
28117151.6669459,7498334.73176033,120.6174,-27.5009,3.091042453,0.0643,0.1556,0.847611946,5.738958929,2.5687
28167733.5185507,7397938.0900747,120.6197,-28.339,3.258096538,0.0509,0.1851,0.900991441,5.830195023,16.4229
28152340.1963834,7428739.1648121,120.62,-28.0823,3.828641396,0.045,0.1189,0.805871783,5.675727975,3.3913
28123368.4051468,7486644.31034061,120.6203,-27.5996,4.672828834,0.0718,0.1934,0.838521114,5.630028646,4.3528
28110923.3495215,7511510.75509513,120.6204,-27.3923,3.850147602,0.0894,0.139,0.776767671,5.958023773,2.3098
28128256.1819798,7477829.7288607,120.6241,-27.6747,3.931825633,1.1018,0.2004,0.904566574,5.505876746,7.5359
28145876.0198161,7442683.4434211,120.6242,-27.9678,4.615120517,0.3886,0.1371,0.811545046,5.580812952,0.313
28125610.6606957,7483482.29029725,120.6256,-27.6282,3.688879454,0.1068,0.1917,0.866423709,5.710466569,6.01
28119180.7611686,7496540.14621124,120.6265,-27.5197,3.044522438,0.1528,0.1822,0.840164494,5.861863412,4.4874
28146040.7826714,7443023.83363137,120.6269,-27.9661,4.532599493,0.2892,0.1526,0.82255358,5.548994164,0.5461
28146048.1517222,7443133.06392862,120.6274,-27.9654,4.356708827,0.1899,0.1526,0.82255358,5.548994164,0.6088
28146077.4223685,7443223.36424961,120.628,-27.9649,4.624972813,0.1112,0.1526,0.82255358,5.548994164,0.6836
28123435.7283825,7488592.11308021,120.6287,-27.5869,4.110873864,0.0673,0.161,0.84846885,5.665672345,5.3962
28150473.4788496,7434820.18632017,120.6295,-28.0356,4.454347296,0.1362,0.1368,0.811606283,5.768569954,5.2055
28121287.5245085,7493128.03627861,120.6297,-27.5495,4.127134385,0.0166,0.1766,0.837399952,5.832646873,6.9842
28146246.8325173,7443430.53825928,120.6302,-27.9641,4.158883083,0.1138,0.1526,0.82255358,5.548994164,0.9461
28148332.2589192,7439540.47235551,120.6313,-27.997,3.891820298,0.0555,0.1454,0.857275125,5.725237263,3.5768
28146414.8817874,7443516.48902001,120.6319,-27.9641,4.615120517,0.2174,0.1548,0.861500364,5.484210961,1.1334
28130709.1346681,7474941.19724464,120.6322,-27.7022,4.49980967,0.0698,0.1783,0.819159272,5.51994811,10.1378
28106175.6366678,7523937.46077425,120.6323,-27.2937,3.761200116,0.075,0.1785,0.841748679,5.940019258,11.3817
28117880.1466892,7500846.67923483,120.6334,-27.4867,2.944438979,0.0146,0.1696,0.820617298,5.852107461,4.3018
28109156.1011705,7518682.19847824,120.6351,-27.3387,2.944438979,0.0374,0.1647,0.831646931,5.945303218,6.9293
28137121.2412425,7463034.3153294,120.6358,-27.803,4.762173935,0.0482,0.1267,0.817175503,5.516730054,5.6072
28138871.7764394,7460283.69883651,120.6388,-27.8272,2.772588722,0.0762,0.1484,0.818871097,5.876637347,3.9352
28146350.0252357,7445728.13669651,120.6403,-27.9492,4.262679877,0.0875,0.1513,0.81974951,5.467600555,2.1333
28144043.4777926,7450604.91846898,120.6414,-27.909,3.536115729,1.7801,0.1817,0.862795163,5.560633444,6.3914
28124654.9527063,7490496.30121562,120.6462,-27.5784,2.890371758,1.5308,0.1882,0.855428714,5.963688632,7.5163
28154088.038327,7432314.84943473,120.6485,-28.0645,4.158883083,1.3815,0.1454,0.758813376,5.780307302,1.8637
28148123.8749204,7444616.56202771,120.6501,-27.9626,4.736198448,1.5,0.1396,0.810186507,5.487771734,0.4508
28141994.2044508,7457496.52376552,120.6527,-27.8563,3.891820298,0.039,0.1686,0.825365388,5.785463836,4.2236
28148458.6125819,7444667.24030024,120.653,-27.9634,4.605170186,1.3818,0.1396,0.810186507,5.487771734,0.1712
28161768.074783,7418224.07558355,120.6535,-28.1841,4.454347296,0.0726,0.1742,0.814336489,5.502624699,11.4306
28160369.5315496,7421139.65657333,120.654,-28.16,4.605170186,0.1245,0.1802,0.849378534,5.296402615,8.7581
28144797.3250964,7452421.74310999,120.6548,-27.8995,4.143134726,0.0285,0.1592,0.822671505,5.549046718,4.9982
28146705.022534,7448787.29138639,120.6555,-27.9301,4.343805422,0.0283,0.1565,0.861769488,5.627538859,3.5929
28167062.0706724,7408276.39435201,120.656,-28.2681,2.397895273,0.0926,0.1905,0.86911279,5.984326871,13.6007
28149565.5031438,7443350.13471623,120.6566,-27.9759,4.812184355,0.0202,0.1493,0.777958246,5.514361759,1.5187
28177198.8328686,7388240.64066072,120.6568,-28.4355,2.197224577,0.1295,0.188,0.888457006,5.777352118,17.608
28118989.1448346,7504532.53088231,120.6572,-27.466,2.302585093,0.0597,0.1571,0.798228619,5.722258259,7.4816
28148069.6738343,7446683.00055193,120.658,-27.9487,4.33073334,0.4254,0.1649,0.856790454,5.59809238,11.7636
28121647.4786843,7499474.09273873,120.6582,-27.5086,2.63905733,0.0237,0.1995,0.855771727,5.928035669,7.1619
28174519.8047587,7394629.35971291,120.661,-28.384,3.258096538,3.0147,0.1977,0.946152901,5.839066654,13.6443
28139497.0139479,7464761.67266002,120.6619,-27.7996,4.204692619,0.1151,0.1677,0.821371558,5.736382447,4.7554
28130720.820416,7482329.46577006,120.6621,-27.6532,4.584967479,0,0.188,0.831197852,5.844359313,10.4298
28163371.1794469,7417552.47793187,120.6637,-28.194,4.700480366,0.062,0.1759,0.889865295,5.632142649,12.6148
28134214.1106449,7476025.761,120.6648,-27.7069,4.127134385,0.3166,0.1714,0.807802299,5.52656099,7.9984
28167073.0097154,7410782.92889487,120.6662,-28.2515,3.465735903,0.0802,0.1637,0.868761913,5.882998926,13.551
28111589.8765179,7521855.41667396,120.6675,-27.3259,3.465735903,0.018,0.1764,0.866382346,5.88243731,8.9004
28146702.995468,7451889.83031968,120.668,-27.9095,4.034240638,0.2092,0.154,0.783967236,5.810124265,4.0707
28137839.7862183,7469804.83166305,120.6689,-27.7605,5.056245805,0.0497,0.132,0.772857762,5.555208943,2.5778
28160279.5390012,7425161.42222704,120.6695,-28.133,4.454347296,0.1043,0.1308,1.003817291,5.839573965,6.127
28170584.7355748,7405136.48675679,120.6717,-28.3009,3.258096538,0.0282,0.1853,0.869932767,5.901807484,10.7547
28145480.0761126,7455347.21323546,120.6721,-27.8824,3.610917913,0.0546,0.1657,0.852597494,5.650976334,6.8141
28148748.3422144,7449244.80093061,120.6738,-27.934,2.772588722,0.0144,0.1717,0.878636573,5.786568877,3.8362
28154535.1877708,7437891.94425382,120.6746,-28.029,3.988984047,0.0229,0.1438,0.788664199,5.696463132,2.4732
28132460.4450739,7483641.06234769,120.6814,-27.6504,3.772760938,1.8167,0.1955,0.862401087,5.941018419,10.6572
28177218.8114252,7394397.7467206,120.6818,-28.3947,3.258096538,2.428,0.2034,0.955101451,5.803723378,12.4586
28125391.5482053,7497999.21296994,120.6824,-27.5311,2.944438979,2.9127,0.191,0.839681811,6.071385322,10.5057
28120271.8153151,7508367.47287854,120.683,-27.4449,2.833213344,0.0605,0.1691,0.853612383,5.748598202,6.8793
28144977.6247718,7459399.07644875,120.6844,-27.8538,5.129898715,0.0678,0.1522,0.803525415,5.766153487,4.9156
28153321.0503584,7443116.52926719,120.6859,-27.9902,4.060443011,0.1544,0.189,0.840298663,5.824615152,4.6775
28115915.1462954,7517981.00219981,120.6867,-27.3663,2.63905733,0.094,0.1905,0.895877865,5.933596055,6.5166
28160170.3926214,7430212.93863057,120.689,-28.0991,3.526360525,0.0571,0.1496,0.844316355,5.820573842,4.706
28141044.2495602,7468415.54565045,120.6891,-27.7806,4.382026635,0.752,0.0926,0.794312383,5.512577947,0.6182
28152293.2938195,7446010.83081944,120.6893,-27.9675,3.583518938,0.0307,0.188,0.86673422,5.7880761,3.27
28111773.7957018,7526966.42947207,120.6896,-27.2926,3.295836866,0.0588,0.1826,0.851590875,5.834418147,13.2531
28115023.0615157,7520703.64023363,120.6905,-27.3452,2.944438979,0.7978,0.2041,0.862246391,6.025888582,8.4008
28166078.3773923,7418816.57870885,120.6906,-28.1948,4.65396035,0.0495,0.155,0.807965572,5.621172676,13.3709
28129209.7168514,7492509.50457203,120.691,-27.5805,3.135494216,0.0874,0.1949,0.866548654,6.048818188,12.3278
28141117.1438473,7468889.73942664,120.6916,-27.7777,4.290459441,1.1339,0.0926,0.794312383,5.512577947,0.5972
28163232.8404411,7424818.81684153,120.6919,-28.1453,4.158883083,0.1321,0.1514,0.930961878,5.679976216,8.4707
28140358.1886197,7470776.51403647,120.6931,-27.7626,3.295836866,0.074,0.1351,0.809337805,5.716440101,1.6087
28157080.4981616,7437867.97363498,120.695,-28.0378,3.951243719,0.1624,0.1771,0.831114791,5.742060942,2.8029
28125147.474274,7502303.75353681,120.6978,-27.5017,2.995732274,2.8398,0.1947,0.84580626,5.939166137,11.4073
28175286.4671253,7402840.68098455,120.7003,-28.3321,3.238678452,0.2685,0.1908,0.952794116,5.838192392,11.453
28176312.709242,7401015.28386678,120.7012,-28.3477,2.995732274,0.1022,0.2001,0.936112585,5.903422247,7.8349
28139926.4484594,7473794.86430499,120.7018,-27.7411,2.772588722,0.1275,0.1981,0.872513232,5.76342895,4.1788
28148142.5471091,7457989.56672774,120.7042,-27.8739,4.248495242,0.0933,0.1496,0.830579756,5.772381345,6.3415
28128337.4805944,7497547.37728718,120.7043,-27.5441,2.833213344,0.1202,0.1978,0.800655771,5.918937911,13.3075
28119518.8447502,7515274.25359865,120.7048,-27.3965,3.044522438,3.6646,0.1851,0.914674663,5.89618926,7.2805
28163174.2496322,7428901.84098578,120.7079,-28.118,3.258096538,0.2338,0.177,0.866767532,5.577417895,7.5705
28160260.4916942,7435065.04341736,120.7093,-28.0672,3.465735903,0.074,0.1487,0.831680874,5.591908425,4.3283
28139309.4307337,7477381.35186413,120.7113,-27.7152,2.079441542,2.1757,0.2261,0.901717408,5.69781045,7.2351
28175493.365206,7405402.2433602,120.7123,-28.3158,3.17805383,0.0666,0.191,0.91105286,5.861533025,6.0468
28172915.2946942,7411044.10557723,120.7143,-28.2696,2.772588722,0.0356,0.1851,0.906620556,5.85412498,8.1265
28146212.6669959,7464791.57807012,120.7161,-27.8222,3.912023005,0.7067,0.0902,0.834839762,5.56976306,0.9802
28116279.5682145,7524615.59586703,120.7164,-27.3235,3.36729583,0.1771,0.2114,0.863069895,5.955107259,12.1237
28167545.7607807,7422580.26936185,120.7176,-28.1748,3.17805383,0.1272,0.1698,0.851885638,5.471184074,12.7873
28148972.960222,7459951.01315571,120.7188,-27.8637,3.988984047,0.0777,0.1358,0.841784084,5.896249188,5.303
28146608.0770432,7464993.81515419,120.7201,-27.8222,2.944438979,0.2763,0.0902,0.834839762,5.56976306,1.3608
28172166.2767313,7414472.68466558,120.7221,-28.2443,2.890371758,0.0692,0.1745,0.887544177,5.789428099,9.8396
28125168.223045,7508310.5945173,120.7222,-27.4619,2.995732274,0.1378,0.1624,0.7833654,5.580145044,11.4158
28168731.5538018,7421725.36460234,120.7237,-28.1845,1.609437912,0.0183,0.1681,0.878032586,5.62778982,14.0523
28174799.4225707,7409687.61594778,120.724,-28.285,2.564949357,0.0529,0.1663,0.904617307,5.813546803,6.1877
28120283.8106471,7519175.85937481,120.7267,-27.3732,2.944438979,3.6513,0.1776,0.885425838,5.794270087,10.1757
28137939.6975163,7483957.61622515,120.7268,-27.6669,2.833213344,1.371,0.2034,0.820756464,5.863823707,12.867
28133865.9772453,7492510.59087018,120.7285,-27.5963,2.564949357,3.675,0.1808,0.858981928,6.00232686,16.3495
28128810.9733702,7502625.7050614,120.7286,-27.512,2.302585093,0.0208,0.1745,0.8325161,6.007511071,14.9241
28166391.3199827,7427760.05739814,120.7292,-28.1365,1.791759469,0.7932,0.1764,0.810222886,5.370815829,10.6743
28178173.3715846,7405010.25343431,120.7323,-28.3275,2.63905733,0.0429,0.1884,0.902424968,5.801591239,3.8648
28152942.1553999,7455547.96443789,120.733,-27.9064,2.833213344,0.1706,0.1722,0.892664915,5.645772719,5.5899
28123813.77,7513840.05924971,120.7336,-27.4206,2.944438979,2.2196,0.1837,0.876417868,5.90106802,10.6814
28137405.9979796,7486758.09326448,120.7338,-27.6465,3.135494216,0,0.208,0.823228084,5.945575224,15.2047
28156761.4273541,7448296.10986948,120.7345,-27.9675,3.465735903,0.6517,0.2079,0.852240821,5.800654593,0.3568
28165180.0578711,7432036.96122596,120.7367,-28.104,1.791759469,0.036,0.1476,0.848606833,5.586741459,9.1231
28146589.6179032,7469368.55133517,120.7376,-27.7931,1.791759469,0.0037,0.1568,0.854677647,5.71846507,3.6067
28185565.8380052,7392881.62473569,120.7429,-28.4331,3.091042453,1.9786,0.2329,0.985235165,5.785322786,12.7165
28144065.4673973,7476092.60467051,120.7444,-27.7399,3.36729583,0.041,0.2153,0.904500548,5.675103079,6.2669
28149621.3066612,7465721.40793531,120.7473,-27.8276,2.197224577,0.0514,0.1965,0.845621931,5.798735476,4.4057
28152120.9118345,7461078.96090549,120.7487,-27.8669,2.995732274,0.0107,0.1757,0.865088223,5.867396626,7.0785
28181724.9220261,7402035.77869978,120.7489,-28.3593,2.708050201,0.1438,0.1929,0.939922126,5.909802398,4.6814
28153753.9793389,7458042.2756683,120.7496,-27.8926,3.970291914,0.1492,0.1643,0.843990157,5.862498237,7.767
28183083.3595972,7399596.85994898,120.75,-28.3801,3.17805383,0.0938,0.2083,0.944635355,5.897472636,6.8093
28136162.2568273,7493504.25904797,120.751,-27.5975,2.397895273,1.4589,0.2037,0.866212776,6.015133914,18.8501
28138372.6995227,7489587.73877805,120.753,-27.631,2.708050201,2.577,0.2044,0.905482279,5.854113065,16.0777
28161321.2214027,7444300.59114792,120.7551,-28.0095,3.17805383,2.0699,0.202,0.876143958,5.796642509,4.8862
28133796.0647834,7499962.58634894,120.758,-27.5466,2.944438979,0.4141,0.1753,0.804275189,5.869427979,18.9777
28172183.0729003,7423957.72727783,120.7605,-28.1814,2.079441542,1.0968,0.1712,0.85525577,5.289916251,15.5137
28157488.829796,7453338.57779019,120.7607,-27.9365,3.465735903,0.3052,0.2254,0.883146535,5.691352189,4.4712
28123943.0735638,7520324.26883602,120.7608,-27.378,3.218875825,0.0381,0.1944,0.837626315,5.764248405,13.7179
28163900.9103637,7440663.32159924,120.7612,-28.0424,2.63905733,1.7986,0.2029,0.900999152,5.629831393,8.5497
28180374.9333043,7407853.78063928,120.7615,-28.3161,4.553876892,0.6266,0.1615,0.915399974,5.778029673,0.7782
28121573.1579844,7525575.4195748,120.7629,-27.3351,2.995732274,2.9942,0.1885,0.910283617,5.873969431,15.5418
28160628.0229751,7447667.32438041,120.7631,-27.9848,2.772588722,1.6068,0.2054,0.896127501,5.738995366,3.3528
28188083.4701922,7394003.57218849,120.7677,-28.4342,2.564949357,1.5358,0.2138,1.031355412,5.575367348,12.5611
28132957.7464662,7504957.54318448,120.7714,-27.5106,2.63905733,0.037,0.1941,0.814185327,5.874507869,18.6162
28131305.1140165,7508330.73743548,120.7717,-27.4826,2.772588722,0.1724,0.1791,0.810789621,5.73968144,17.265
28186222.914374,7398882.47306146,120.7724,-28.3955,2.772588722,2.6643,0.2151,0.968556887,5.900773435,8.2896
28144677.7648037,7481934.95716018,120.7729,-27.7032,2.48490665,3.8492,0.2087,0.913244785,5.713873964,7.7687
28180056.9893145,7411487.77164133,120.7736,-28.2909,2.708050201,0.2902,0.1709,0.890168836,5.613184321,3.4371
28142671.6259683,7486212.09134877,120.774,-27.668,3.295836866,2.9758,0.2171,0.852060752,5.811158384,11.5594
28164223.3766076,7444654.98969337,120.7799,-28.017,2.48490665,1.6357,0.2064,0.93885056,5.554363002,7.1077
28184462.9830602,7404626.3981904,120.7814,-28.3514,2.197224577,0.0169,0.1824,0.900536503,5.924467399,3.7575
28121309.9302217,7530909.71089149,120.7823,-27.2988,2.833213344,0.0222,0.1907,0.841128872,5.910122499,19.5041
28161989.1587941,7450502.85118943,120.7855,-27.9706,3.091042453,0.1697,0.2193,0.901374863,5.658427996,5.3624
28150024.9624981,7474756.48067776,120.787,-27.769,2.079441542,1.3071,0.2061,0.924223924,5.550558633,0.5561
28132403.9693402,7510128.16373643,120.7878,-27.4744,3.044522438,0.0033,0.1669,0.795751332,5.690977721,17.3284
28172218.2006725,7431026.53566823,120.7893,-28.1346,2.197224577,0.937,0.1893,0.910942034,5.422043999,15.8232
28179464.261848,7416909.65681319,120.7907,-28.2529,3.258096538,0.0596,0.1885,0.888526504,5.790864713,8.0218
28149018.7224475,7477706.98479345,120.7908,-27.746,3.526360525,0.0419,0.2136,0.869375737,5.952954604,2.7286
28169340.1066603,7437192.91292944,120.791,-28.0839,2.708050201,0.1849,0.1847,0.946159285,5.396696616,13.51
28158610.8720708,7458733.54787435,120.7915,-27.9045,3.401197382,0.0307,0.1891,0.868870363,5.748539134,9.3833
28156683.0450304,7463201.39455915,120.794,-27.8683,2.772588722,2.357,0.2069,0.894132993,5.763034662,10.8539
28167745.8359529,7441168.46123014,120.7942,-28.0521,3.713572067,0.1666,0.198,0.909576646,5.619180326,11.1653
28138213.54,7500142.86055542,120.7943,-27.5604,2.708050201,0.6467,0.2019,0.842025149,5.991703056,16.8694
28158555.6692065,7459835.25633424,120.7955,-27.897,2.674148649,0.1012,0.1972,0.849039059,6.03725299,16.1646
28183341.7159943,7410681.90970218,120.7968,-28.3074,2.708050201,0.1065,0.1907,0.905396725,5.86673216,3.6845
28168964.623156,7441611.03335383,120.8058,-28.0533,4.007333185,0.0258,0.1719,0.855689846,5.662303147,12.0474
28183199.3438689,7413320.9540788,120.8063,-28.2894,1.945910149,0.0473,0.1614,0.878754418,5.911725765,5.6391
28131748.6959653,7517310.90134663,120.8115,-27.4245,3.465735903,0.1211,0.1898,0.817073277,5.718708582,13.0574
28128311.6363857,7524246.00224585,120.8118,-27.3668,3.218875825,2.7134,0.1723,0.913363505,5.680754832,13.5164
28187481.86,7406185.50483525,120.812,-28.3513,3.663561646,0.1965,0.176,0.929961644,5.763960332,6.067
28152436.219579,7476908.76624571,120.8151,-27.7629,3.401197382,0.1646,0.2211,0.905149752,5.732015771,2.7237
28173510.371297,7434941.66613125,120.8155,-28.113,3.610917913,0.4096,0.2002,0.927840541,5.463750888,16.5724
28181596.9859098,7418874.28571305,120.8158,-28.2471,3.36729583,0.1771,0.1893,0.907192781,5.801885349,9.8583
28141700.7972673,7498883.14754999,120.8173,-27.5806,3.258096538,0.1521,0.2053,0.838082865,6.063163451,15.385
28135590.1010788,7511155.11194569,120.8176,-27.4784,2.772588722,0.0138,0.1688,0.781849768,5.726949565,14.0675
28154956.3914759,7472894.54026641,120.8192,-27.7981,4.219507705,0.2547,0.1635,0.753753742,5.694467788,4.3182
28148141.9949378,7487488.31936346,120.8232,-27.6781,2.564949357,4.6033,0.2244,0.82962264,5.940373514,10.8458
28175119.6636833,7433836.32212019,120.824,-28.1258,2.079441542,1.4483,0.1937,0.906647582,5.488763402,15.6889
28166852.6503624,7451453.61877212,120.8285,-27.9808,3.555348061,0.0532,0.2009,0.887404027,5.740779731,10.2136
28168121.9411227,7449390.95008511,120.8304,-27.9988,2.772588722,0.096,0.1818,0.864142776,5.622608433,10.8543
28170294.8203631,7446615.29195974,120.8367,-28.0246,2.397895273,0.0172,0.1558,0.839244056,5.572606986,12.6416
28181293.2673778,7424760.37180842,120.8371,-28.207,1.945910149,0.0024,0.1886,0.921261824,5.423128823,14.8871
28127415.4714672,7532405.34387054,120.8375,-27.3096,2.890371758,0.0178,0.1765,0.850771892,5.711239901,14.5478
28180168.7894202,7427575.07225919,120.8394,-28.1845,2.302585093,0.1249,0.1618,0.908854889,5.636237926,16.007
28135898.857006,7516661.42378535,120.8423,-27.4429,3.713572067,0.1761,0.1996,0.845463073,5.904931164,10.3651
28140548.4120393,7507529.14426637,120.8429,-27.5193,2.63905733,3.831,0.2123,0.839160332,5.996559873,10.6952
28166041.2920482,7456989.67116682,120.8443,-27.9413,2.995732274,1.8339,0.2383,0.926458373,5.59823332,12.2857
28160914.1901072,7467248.70077817,120.8444,-27.8558,2.197224577,2.4159,0.2168,0.9281756,5.651917402,11.1205
28142775.1332653,7503530.55443218,120.8447,-27.5534,2.708050201,3.5085,0.1959,0.843771974,5.97582937,11.3392
28159251.9,7471731.83424578,120.8491,-27.8204,3.36729583,0.0088,0.2183,0.870224639,5.885853263,8.4308
28158048.7291102,7474430.95474005,120.8503,-27.7984,3.135494216,1.7306,0.2114,0.891052082,5.877077508,7.1997
28181377.3062648,7428087.72099547,120.8512,-28.1852,3.555348061,0.0912,0.1437,0.893259251,5.845826794,14.9235
28128947.3002933,7533264.14511103,120.8533,-27.3091,2.995732274,0.0302,0.1655,0.838543952,5.851108405,13.4457
28182776.4921759,7426980.37688542,120.858,-28.1973,4.553876892,0.0303,0.1438,0.89125018,5.618435839,15.0793
28188316.0529092,7416691.24971449,120.8611,-28.2844,4.276666119,0.1716,0.1595,0.924569262,5.69802461,7.3766
28173017.5266245,7447947.58825183,120.864,-28.025,2.63905733,2.4175,0.2088,0.977135711,5.51651132,14.8859
28189759.786219,7414627.40629684,120.8644,-28.303,4.143134726,0.0512,0.166,0.928520299,5.758394266,5.5667
28166420.1944984,7461959.35600911,120.8674,-27.9096,2.302585093,3.1197,0.2313,0.956337885,5.40796494,15.8954
28158214.2386704,7479653.07893289,120.8727,-27.7643,2.302585093,2.9237,0.2303,0.91443704,5.682147684,9.01
28186959.0802439,7422324.88881706,120.8729,-28.2424,4.317488114,0.0885,0.1615,0.88405728,5.733312953,11.0367
28180369.5022757,7436370.75433189,120.8765,-28.1268,3.091042453,0.0819,0.1984,0.913585912,5.382712815,9.9217
28179112.0743163,7439599.56479896,120.8794,-28.1011,3.218875825,0.0422,0.1922,0.894234221,5.525016499,9.5811
28177244.7141047,7443872.34942728,120.8816,-28.0664,1.791759469,2.1629,0.1825,0.949889384,5.553318147,10.606
28185913.9678731,7427831.78037978,120.8867,-28.2023,4.844187086,0.8941,0.1626,0.863573579,5.27966717,13.1405
28185964.7550077,7427978.28326422,120.8877,-28.2015,4.859812404,0.9975,0.1626,0.863573579,5.27966717,12.994
28191497.1262404,7417158.17238834,120.8886,-28.2921,2.944438979,0.1421,0.1576,0.923238913,5.797559325,5.2546
28165721.888147,7469029.68849243,120.8903,-27.8603,3.737669618,0.1212,0.2131,0.851625223,5.711579366,14.7952
28186337.287688,7428003.09453592,120.8908,-28.2026,4.356708827,0.8659,0.1626,0.863573579,5.27966717,12.8647
28186400.4762742,7428050.47897732,120.8915,-28.2025,4.007333185,0.8715,0.1626,0.863573579,5.27966717,12.8116
28189630.9473572,7421973.9336733,120.893,-28.2538,4.543294782,0.1046,0.1584,0.885219655,5.754265492,9.3793
28185486.489899,7430792.04698739,120.8952,-28.1812,4.262679877,0.0115,0.1623,0.851062804,5.410697778,10.7881
28173829.0954902,7454358.90340047,120.8964,-27.9852,3.044522438,1.8707,0.2068,0.938553465,5.646844166,16.1255
28187418.0664818,7428299.75114049,120.9007,-28.2043,4.682131227,0.0433,0.1696,0.892542165,5.399122564,12.3518
28186323.8089352,7430632.73342518,120.9013,-28.1851,4.276666119,0.0143,0.1622,0.894260991,5.467734936,10.639
28162637.4632087,7477937.99076827,120.9014,-27.7907,2.772588722,4.563,0.1982,0.863191077,5.737437657,12.3797
28164962.2407253,7473371.85100878,120.9017,-27.8289,3.526360525,1.3329,0.2208,0.825414705,5.915145791,13.8143
28188669.7178328,7426197.92876882,120.9023,-28.2225,4.430816799,0.0657,0.1615,0.888595463,5.603748596,12.6929
28171238.4699835,7461290.01174397,120.9035,-27.9304,3.091042453,2.5453,0.2285,0.91826394,5.579692503,18.9524
28188730.8013326,7427042.72931638,120.9062,-28.2171,4.96284463,0.0862,0.1613,0.893516378,5.609269955,12.1055
28182359.6226484,7439859.43246466,120.9066,-28.1104,2.708050201,1.5112,0.2061,0.916693811,5.351929075,6.4752
28173653.8072032,7458005.59372104,120.9097,-27.9604,3.17805383,0.1685,0.1866,0.895040634,5.716680253,18.0518
28177068.0154226,7451661.44128516,120.9116,-28.0141,3.401197382,2.448,0.2111,0.990084024,5.418567859,12.5039
28190712.6003925,7425193.82230131,120.9147,-28.2361,4.060443011,0.0793,0.1569,0.872166768,5.722207518,11.4075
28170973.6237715,7464619.7103923,120.9148,-27.9074,2.302585093,4.204,0.2098,0.902518707,5.567549945,20.43
28184601.1339896,7437616.05177639,120.9156,-28.1329,3.63758616,0.6012,0.1793,0.89122624,5.487695716,5.875
28166262.4725947,7474940.82386254,120.9185,-27.8229,2.995732274,1.2931,0.2227,0.808961138,5.90966991,15.2243
28168439.0233571,7471835.59374793,120.9235,-27.8509,2.63905733,1.9636,0.2239,0.920417466,5.640528273,17.125
28180867.4153446,7447126.35109738,120.9239,-28.0571,3.465735903,0.0093,0.2003,0.910748014,5.656247752,7.7226
28195316.5567325,7420316.93681185,120.9321,-28.2841,2.63905733,0.0556,0.1712,0.916400246,5.668604287,6.9118
28186240.3657068,7439177.61924177,120.9351,-28.1281,2.995732274,2.0214,0.1966,0.883313679,5.667035409,3.6832
28194593.7025514,7423668.50226303,120.9398,-28.2594,3.850147602,0.0677,0.1567,0.896179668,5.547177229,7.7218
28175546.1288558,7463945.19119853,120.9489,-27.9274,2.772588722,1.3231,0.2194,0.924906582,5.353445908,20.7134
28186706.257868,7443031.72157503,120.9544,-28.1041,2.302585093,1.3969,0.1907,0.89469257,5.604203148,1.5483
28192092.7129898,7433221.72510588,120.9582,-28.1875,3.496507561,0.0409,0.163,0.806952802,5.466623086,5.8988
28185057.3489538,7447612.09238821,120.9596,-28.0681,3.218875825,0.0135,0.2092,0.886907373,5.580459668,5.0538
28168468.0154205,7480874.89704913,120.9602,-27.791,3.555348061,0.012,0.1927,0.871574724,5.672813522,18.8343
28181149.1357457,7455586.81788842,120.9603,-28.0019,3.80666249,0.1204,0.1876,0.853202034,5.803763004,12.3794
28184144.6974505,7449706.50937151,120.9607,-28.0511,3.583518938,0.0779,0.1968,0.914553572,5.45742042,14.6401
28200968.1961544,7417166.10727858,120.9649,-28.3242,4.204692619,1.1509,0.1563,0.914137789,5.597956012,2.0638
28182352.3626191,7454424.44594557,120.9653,-28.0137,1.609437912,0.4919,0.1868,0.834005932,5.779490045,11.0572
28194883.3046472,7430204.56485251,120.9685,-28.217,3.688879454,0.0642,0.1508,0.839404602,5.493598125,5.7424
28173986.9079004,7472684.4250625,120.9716,-27.8641,4.17438727,0.3805,0.2208,0.88781819,5.642123369,22.4974
28171329.3702719,7478360.97240241,120.9731,-27.8174,2.63905733,2.5399,0.2235,0.932261542,5.62425602,20.7901
28197907.8039047,7426026.43774771,120.976,-28.255,3.828641396,0.0526,0.1423,0.900035792,5.736195682,5.9904
28180407.7964178,7462544.74524487,120.9824,-27.9532,4.262679877,0.0016,0.1894,0.828265124,5.674947346,17.8874
28191116.6958474,7441490.88439314,120.9837,-28.1293,3.688879454,0.0524,0.191,0.833791115,5.29880156,2.7368
28186674.3459818,7450804.47092096,120.9855,-28.0524,3.091042453,0.0198,0.1935,0.832772493,5.614356864,7.1474
28180649.5101895,7462954.6247024,120.986,-27.9513,4.49980967,0.3759,0.1894,0.828265124,5.674947346,18.1373
28189739.1044449,7444959.55389376,120.9866,-28.1016,1.609437912,0.289,0.2141,0.863378693,5.319577959,2.7445
28182400.2509434,7460550.62907752,120.9904,-27.9732,4.276666119,0.0696,0.1954,0.816367015,5.745705073,15.7654
28186543.7586369,7452304.53425051,120.9905,-28.042,3.784189634,0.1539,0.1783,0.826326815,5.640262232,8.3923
28178045.3019027,7469441.87483231,120.9912,-27.8994,3.737669618,0.0213,0.1565,0.776043377,5.580826294,19.9656
28171570.854977,7483456.2300539,120.9956,-27.7844,4.94875989,0.0296,0.1543,0.791230077,5.703036594,17.6928
28201474.5035618,7423963.6653437,120.9964,-28.2808,3.33220451,0.0604,0.1587,0.892522231,5.817301533,2.9749
28173902.0517798,7479571.33907874,120.9987,-27.8181,3.17805383,0.037,0.1654,0.873173839,5.668697567,21.4241
28176478.0172052,7474726.89296788,120.9999,-27.859,3.850147602,0.0025,0.1602,0.841241611,5.701921399,21.0877
28195480.7104085,7437018.58443108,121.0008,-28.1738,4.110873864,0.0804,0.1347,0.815171844,5.400584493,1.9533
28190920.1226359,7446196.36729399,121.0011,-28.0974,3.784189634,0.0382,0.1777,0.837554531,5.39266658,2.4872
28181829.3990656,7465185.20999742,121.0045,-27.9405,4.812184355,0.0321,0.1884,0.821776193,5.700346892,17.4285
28203989.4895146,7421347.91578811,121.0061,-28.3067,4.317488114,0.0293,0.1564,0.907862459,5.657267968,1.7185
28198714.3403696,7432646.10163665,121.0092,-28.2138,3.80666249,0.0933,0.1517,0.833597043,5.583819247,2.8791
28195203.051631,7439754.15978645,121.0096,-28.1547,4.369447852,0.1143,0.1758,0.841316479,5.344606472,2.3736
28188025.8281134,7454749.9369466,121.0123,-28.0308,3.713572067,0.0366,0.2052,0.811137297,5.732437575,9.0956
28184844.2186288,7461348.64783352,121.0133,-27.9762,4.304065093,0.2855,0.1761,0.806562827,5.779941293,15.145
28202143.6978048,7427213.65153129,121.0149,-28.2615,2.63905733,0.0667,0.1534,0.858132111,5.794641603,2.9815
28195321.906209,7440929.82605539,121.0153,-28.1473,4.119037175,0.4079,0.1758,0.841316479,5.344606472,1.4575
28204243.6567513,7423195.42535402,121.0156,-28.2953,3.17805383,0.0516,0.1703,0.876480623,5.67092115,3.0579
28172690.4825813,7486228.49827339,121.0158,-27.7698,4.477336814,0.0095,0.164,0.867315857,5.661201615,16.1618
28175244.572418,7482171.35641448,121.02,-27.8054,3.828641396,0.0487,0.1293,0.845644156,5.802806028,20.1434
28177072.4436385,7479415.09662917,121.0236,-27.8299,3.526360525,0.004,0.1541,0.823602556,5.716662762,21.0077
28201046.2318637,7432106.19609264,121.0258,-28.2253,3.295836866,0.0396,0.1596,0.847536186,5.621027812,2.8751
28191630.8874468,7452164.41159436,121.0309,-28.0602,2.197224577,0.9892,0.2087,0.849397954,5.657936934,5.9963
28196774.1143749,7443013.44010215,121.0354,-28.1384,4.276666119,0.1048,0.162,0.828861899,5.550348819,1.8938
28184400.7717083,7467811.10197624,121.0358,-27.9318,4.094344562,0.0218,0.1725,0.794271588,5.731296913,14.1793
28179869.4545821,7477079.18516014,121.0367,-27.8549,4.65396035,0.0029,0.1447,0.832495855,5.732420463,18.0606
28175771.1109582,7485408.64328357,121.0373,-27.7857,3.465735903,0.0566,0.1193,0.863872685,5.869552577,18.3113
28183815.4888157,7469846.96693481,121.0393,-27.9163,4.007333185,0.3219,0.1596,0.804221167,5.681576029,14.3023
28195879.5133949,7445840.25250612,121.0396,-28.1166,4.189654742,0.0347,0.17,0.835660491,5.633449654,1.459
28180739.5102296,7476333.97906169,121.0407,-27.8628,4.442651256,0.46,0.1708,0.830283851,5.521004525,17.1584
28188767.6095566,7460854.37227721,121.0429,-27.9928,3.401197382,1.2026,0.1966,0.811525814,5.724459327,13.4896
28188661.2084437,7461116.33611664,121.0431,-27.9907,3.713572067,0.9884,0.1966,0.811525814,5.724459327,13.4096
28184247.7441172,7470595.35550515,121.0458,-27.9128,5.010635294,3e-04,0.1706,0.815420614,5.710506428,13.773
28186922.3564974,7465454.84779729,121.0466,-27.956,4.394449155,1.1439,0.1676,0.807600087,5.78901094,12.6255
28177773.0916344,7484263.08985872,121.0488,-27.8001,4.060443011,0.0123,0.0973,0.860712984,5.922462587,20.1695
28206451.458207,7427141.95475103,121.0493,-28.2766,2.397895273,0.1284,0.1797,0.859099827,5.562545264,3.4057
28192778.809926,7454830.62434623,121.0509,-28.0464,4.886582645,0.0444,0.1461,0.841858523,5.676518433,9.3645
28203699.3562597,7433478.23343472,121.0527,-28.2252,3.295836866,0.0535,0.1344,0.83506993,5.692444865,3.0046
28182251.5945601,7477951.04272368,121.0594,-27.8572,4.615120517,0.0787,0.1577,0.799036895,5.716922014,16.0473
28210850.9311367,7422326.20875059,121.0653,-28.3235,4.283586562,0.4166,0.1455,0.851724626,5.881167376,6.6162
28187250.8569203,7470202.89721545,121.0684,-27.9256,3.931825633,0.0336,0.1521,0.797803433,5.763308184,10.9205
28211968.6827212,7421210.5148823,121.0698,-28.3347,3.761200116,0.0705,0.1493,0.86240255,5.870004742,7.5967
28198077.4035926,7449013.35170033,121.0701,-28.103,4.110873864,0.0518,0.1566,0.805213931,5.707239361,5.1656
28181126.8355224,7483914.37281698,121.0744,-27.8138,5.093750201,0.0116,0.1049,0.81381331,5.966795001,18.9027
28190689.7144994,7464850.63557689,121.0745,-27.9728,3.850147602,2.8466,0.164,0.764930941,5.849011708,9.6095
28201965.8983119,7442565.26289734,121.0754,-28.159,3.33220451,0.0499,0.1544,0.861335837,5.762071172,1.0176
28196278.1108244,7454315.29971316,121.077,-28.0617,2.48490665,2.5766,0.2107,0.82210075,5.64209733,8.4911
28185685.5237656,7475880.62692826,121.0787,-27.8826,4.795790546,0.0231,0.176,0.823239946,5.686448093,12.5375
28200902.503854,7446224.76389567,121.0816,-28.1311,3.496507561,0.1784,0.1694,0.80917606,5.700972413,3.8683
28212881.4642584,7422957.96927755,121.0842,-28.3262,3.295836866,0.0451,0.1466,0.874435045,5.825988691,5.7544
28194585.630283,7460048.52562257,121.0865,-28.0179,3.091042453,0.0816,0.2013,0.767069337,5.685054154,10.3394
28184419.24,7480837.48580826,121.0885,-27.8454,3.63758616,0.1027,0.1467,0.795643937,5.71850606,15.0933
28189009.7134299,7472789.86587038,121.093,-27.9144,4.779123493,0.0423,0.1514,0.822458927,5.764771125,9.075
28189555.3017743,7471923.90488681,121.0939,-27.922,3.850147602,0.0824,0.1264,0.822857241,5.881518229,8.5348
28202960.5096226,7445363.98548297,121.0947,-28.1438,2.564949357,0.1183,0.1785,0.791285603,5.610861104,3.7277
28204601.9219493,7442632.88633165,121.0969,-28.1675,3.610917913,1.6962,0.1819,0.831475403,5.602519242,3.36
28212592.0207004,7426832.52567998,121.0975,-28.2995,3.258096538,0.0393,0.1466,0.820914369,5.662497004,3.9065
28201547.8449586,7449100.96848227,121.0984,-28.1142,3.401197382,0.1611,0.17,0.776354999,5.695282775,6.4124
28207163.765944,7438609.8422303,121.1013,-28.2029,3.63758616,0.1094,0.1787,0.840994899,5.560226616,5.8704
28197384.4912396,7460832.20196561,121.1122,-28.0222,2.48490665,1.8084,0.2023,0.753969553,5.597430598,8.6435
28186975.8468743,7482476.54291687,121.1157,-27.8432,4.465908119,0.0403,0.1212,0.770907215,5.748528052,13.9666
28210324.5796385,7436068.2884868,121.1165,-28.2305,3.871201011,0.0592,0.175,0.877333653,5.521714439,5.6889
28201365.2396343,7454175.177,121.1174,-28.0799,2.833213344,0.472,0.2004,0.778261038,5.588823736,10.759
28216201.0351332,7426569.17203366,121.1255,-28.3135,3.295836866,0.0625,0.1538,0.818655651,5.745209325,1.0766
28190583.9350519,7477753.20869568,121.1257,-27.8868,4.394449155,0.0711,0.1398,0.808568764,5.778645216,9.0672
28188356.6491685,7482248.68447726,121.1259,-27.8494,4.418840608,0.0111,0.12,0.782975205,5.667296604,12.9458
28189742.4318499,7480275.72874593,121.1291,-27.8672,4.382026635,0.1097,0.1509,0.812987426,5.637205554,10.9573
28189984.915836,7480535.34312408,121.1321,-27.8663,4.007333185,0.2101,0.1509,0.812987426,5.637205554,10.9464
28190089.7765199,7480573.90944342,121.1331,-27.8664,4.007333185,0.2964,0.1509,0.812987426,5.637205554,10.9125
28212079.8921627,7437026.32717185,121.1345,-28.2301,4.043051268,0.0683,0.1784,0.872086436,5.61815682,5.9501
28210791.2420141,7439772.12574067,121.1352,-28.2075,3.401197382,0.0709,0.1791,0.868152138,5.600557078,8.4574
28197918.4508441,7465715.46768337,121.1362,-27.9916,3.218875825,0.0277,0.1664,0.881886649,5.683802453,4.3265
28190113.6556651,7481716.06532012,121.1379,-27.8589,4.110873864,0.0139,0.1443,0.807986973,5.651441334,11.5911
28216672.7039027,7429296.28627152,121.1403,-28.297,2.772588722,0.005,0.1417,0.863947662,5.910476912,0.3719
28205244.7753575,7452182.01290178,121.1406,-28.1063,3.044522438,3.0977,0.1869,0.880824928,5.554234828,10.2939
28190285.0173568,7482315.95090702,121.1417,-27.8555,4.418840608,0.0297,0.1239,0.797935352,5.725035545,11.8751
28200839.2447393,7461273.37664014,121.1418,-28.031,2.63905733,3.1811,0.1946,0.751240647,5.640871865,8.0508
28197890.59,7467283.13916272,121.1423,-27.9811,4.127134385,0.6316,0.1493,0.84108602,5.864885092,2.9943
28196000.7666255,7472071.73971469,121.1464,-27.9429,3.850147602,0.0074,0.1432,0.822236073,6.03558282,2.5195
28189467.7784071,7485905.49429428,121.1496,-27.8289,4.094344562,0.0732,0.1185,0.775867743,5.928360098,13.4303
28193274.4693595,7479174.51157662,121.1531,-27.8865,4.283586562,0.4374,0.1658,0.791793372,5.786810843,8.2951
28194218.7281593,7477487.97395187,121.1539,-27.9009,3.295836866,0.1188,0.1688,0.816155481,5.742656476,6.6906
28208955.8246898,7448641.2819741,121.1562,-28.1424,2.772588722,2.4102,0.1914,0.968834055,5.524016797,10.1534
28189173.6355421,7488376.5183459,121.1572,-27.8115,4.304065093,0,0.1172,0.790288331,5.942311388,14.3089
28204639.6464394,7457703.01651669,121.158,-28.0676,3.663561646,4.3557,0.2012,0.902966428,5.57701686,11.8515
28191391.2417314,7484222.60750523,121.1583,-27.8466,3.891820298,0.0289,0.1156,0.762306085,5.981758464,11.4023
28194135.2564269,7479464.11215509,121.1612,-27.8875,4.17438727,1.0902,0.1658,0.791793372,5.786810843,8.1464
28211773.3243366,7444628.46872847,121.1627,-28.1786,3.295836866,0.1828,0.1952,0.892473405,5.472295046,10.7668
28194441.1085493,7479349.35756694,121.1632,-27.8893,4.553876892,1.1465,0.1608,0.780614231,5.75799566,7.9495
28193719.2041329,7482128.90453103,121.1686,-27.8684,3.663561646,0.0531,0.1489,0.80811927,5.758608797,9.0312
28213993.4987398,7441907.13206906,121.1696,-28.2042,2.944438979,0.0611,0.1584,0.902893394,5.627105055,9.7856
28216108.9660024,7437957.10140691,121.1707,-28.2376,2.708050201,0.0054,0.1651,0.914484628,5.735778946,6.7226
28196927.6460838,7478029.79116238,121.1779,-27.9065,3.218875825,0.0037,0.1451,0.801297103,5.734438078,6.3528
28213354.4258752,7446702.67728787,121.1838,-28.1702,2.708050201,2.2483,0.197,0.871810857,5.433353185,12.9927
28197019.3871153,7479854.48955557,121.186,-27.8947,3.496507561,0.0445,0.1336,0.765133508,5.94931949,5.9768
28211719.8959622,7452345.01551097,121.1934,-28.1272,3.624340933,1.1899,0.1587,0.888341417,5.695182135,2.6572
28192960.8420667,7490087.54080684,121.1946,-27.813,4.077537444,0.01,0.109,0.803750702,5.984637419,11.7398
28210438.050207,7455696.93032444,121.1966,-28.1006,1.791759469,2.5201,0.1785,0.913692649,5.577201652,15.9501
28225348.0228513,7426381.21949909,121.1984,-28.3458,3.737669618,0.0455,0.1736,0.860789732,5.566675956,2.1019
28195734.5385226,7486112.58751372,121.2009,-27.8488,4.369447852,0.0817,0.1398,0.792744988,5.973021193,8.1586
28208597.2908979,7461354.31732732,121.2046,-28.0568,2.197224577,2.9099,0.1892,0.947945171,5.522669893,11.736
28225115.5021367,7428431.78387516,121.2048,-28.3314,2.890371758,0.0513,0.1714,0.851648487,5.543117555,2.9973
28212935.9874147,7453313.5154125,121.2071,-28.1249,2.833213344,0.0954,0.1928,0.897004553,5.538559693,16.1032
28207000.5039902,7465434.03999817,121.2082,-28.0243,2.708050201,6.199,0.1814,0.880729408,5.537405433,8.8333
28226617.8547595,7428853.66392663,121.2186,-28.3337,3.63758616,0.0735,0.1713,0.901138741,5.626639869,4.3957
28204236.2841688,7474521.18082004,121.2226,-27.9546,3.555348061,0.3206,0.1737,0.758939803,5.70248989,2.6901
28212670.0639015,7459173.73450704,121.2286,-28.0851,3.33220451,0.0742,0.1727,0.903773199,5.763789732,14.8382
28204057.6574534,7476885.56203872,121.2307,-27.9383,3.526360525,1.4792,0.1564,0.769815415,5.757730129,1.0767
